text,label,split,template_family,subset,source,notes
activate backlog item for prototype notes,PROMOTE_TASK,train,v2_train_PROMOTE_TASK_terse_intent_13,terse_intent,v2_curated_synthetic,Executable paraphrase with split-isolated template family.
export the task list for paper summary checkpoint 115,ABSTAIN,train,v2_train_ABSTAIN_near_miss_114,near_miss,v2_curated_hard_negative,Hard negative or out-of-scope request; must not mutate state.
recommend a restaurant for discussing schema sketch checkpoint 95,ABSTAIN,train,v2_train_ABSTAIN_unrelated_94,unrelated,v2_curated_hard_negative,Hard negative or out-of-scope request; must not mutate state.
flip quiet mode for status update,TOGGLE_FOCUS_MODE,train,v2_train_TOGGLE_FOCUS_MODE_terse_intent_37,terse_intent,v2_curated_synthetic,Executable paraphrase with split-isolated template family.
toggle focus for reference list and promote the next item,ABSTAIN,train,v2_train_ABSTAIN_compound_99,compound,v2_curated_hard_negative,Hard negative or out-of-scope request; must not mutate state.
current item done: supplier call,COMPLETE_ACTIVE,test,v2_test_COMPLETE_ACTIVE_terse_intent_1,terse_intent,v2_curated_synthetic,Executable paraphrase with split-isolated template family.
switch the focus setting while working on demo script,TOGGLE_FOCUS_MODE,train,v2_train_TOGGLE_FOCUS_MODE_clean_intent_28,clean_intent,v2_curated_synthetic,Executable paraphrase with split-isolated template family.
delete all files on this laptop after support reply checkpoint 76,ABSTAIN,train,v2_train_ABSTAIN_unsafe_75,unsafe,v2_curated_hard_negative,Hard negative or out-of-scope request; must not mutate state.
activate backlog item for launch checklist,PROMOTE_TASK,train,v2_train_PROMOTE_TASK_terse_intent_17,terse_intent,v2_curated_synthetic,Executable paraphrase with split-isolated template family.
what is the weather near travel receipt,ABSTAIN,validation,v2_validation_ABSTAIN_unrelated_17,unrelated,v2_curated_hard_negative,Hard negative or out-of-scope request; must not mutate state.
todo item for research outline checkpoint 10,CREATE_TASK,train,v2_train_CREATE_TASK_terse_intent_9,terse_intent,v2_curated_synthetic,Executable paraphrase with split-isolated template family.
flip quiet mode for dependency audit,TOGGLE_FOCUS_MODE,train,v2_train_TOGGLE_FOCUS_MODE_terse_intent_41,terse_intent,v2_curated_synthetic,Executable paraphrase with split-isolated template family.
archive finished work for research outline and add a new task,ABSTAIN,validation,v2_validation_ABSTAIN_compound_8,compound,v2_curated_hard_negative,Hard negative or out-of-scope request; must not mutate state.
focus mode needs to move to its other state for travel receipt checkpoint 8,TOGGLE_FOCUS_MODE,test,v2_test_TOGGLE_FOCUS_MODE_indirect_intent_7,indirect_intent,v2_curated_synthetic,Executable paraphrase with split-isolated template family.
please make a new todo for asset inventory,CREATE_TASK,train,v2_train_CREATE_TASK_polite_intent_30,polite_intent,v2_curated_synthetic,Executable paraphrase with split-isolated template family.
activate backlog item for reading summary,PROMOTE_TASK,train,v2_train_PROMOTE_TASK_terse_intent_33,terse_intent,v2_curated_synthetic,Executable paraphrase with split-isolated template family.
record a new backlog item for data cleanup,CREATE_TASK,test,v2_test_CREATE_TASK_clean_intent_4,clean_intent,v2_curated_synthetic,Executable paraphrase with split-isolated template family.
bliv active user interview glass potato,ABSTAIN,train,v2_train_ABSTAIN_gibberish_123,gibberish,v2_curated_hard_negative,Hard negative or out-of-scope request; must not mutate state.
todo item for reading summary,CREATE_TASK,train,v2_train_CREATE_TASK_terse_intent_33,terse_intent,v2_curated_synthetic,Executable paraphrase with split-isolated template family.
the archive should receive completed tasks for user interview checkpoint 24,ARCHIVE_COMPLETED,train,v2_train_ARCHIVE_COMPLETED_indirect_intent_23,indirect_intent,v2_curated_synthetic,Executable paraphrase with split-isolated template family.
archive the finished items after budget review,ARCHIVE_COMPLETED,train,v2_train_ARCHIVE_COMPLETED_clean_intent_0,clean_intent,v2_curated_synthetic,Executable paraphrase with split-isolated template family.
sort out my controller state for metrics review checkpoint 14,ABSTAIN,test,v2_test_ABSTAIN_ambiguous_13,ambiguous,v2_curated_hard_negative,Hard negative or out-of-scope request; must not mutate state.
please pull the next pending task forward for experiment log,PROMOTE_TASK,train,v2_train_PROMOTE_TASK_polite_intent_10,polite_intent,v2_curated_synthetic,Executable paraphrase with split-isolated template family.
flip quiet mode for risk register,TOGGLE_FOCUS_MODE,train,v2_train_TOGGLE_FOCUS_MODE_terse_intent_21,terse_intent,v2_curated_synthetic,Executable paraphrase with split-isolated template family.
please pull the next pending task forward for reading list,PROMOTE_TASK,validation,v2_validation_PROMOTE_TASK_polite_intent_2,polite_intent,v2_curated_synthetic,Executable paraphrase with split-isolated template family.
complete the active item for reading summary and switch focus mode,ABSTAIN,test,v2_test_ABSTAIN_compound_22,compound,v2_curated_hard_negative,Hard negative or out-of-scope request; must not mutate state.
delete the task related to invoice review checkpoint 59,ABSTAIN,train,v2_train_ABSTAIN_near_miss_58,near_miss,v2_curated_hard_negative,Hard negative or out-of-scope request; must not mutate state.
please do not create a task for risk register,ABSTAIN,train,v2_train_ABSTAIN_negation_21,negation,v2_curated_hard_negative,Hard negative or out-of-scope request; must not mutate state.
start the next task for lab notes and then mark it done,ABSTAIN,train,v2_train_ABSTAIN_compound_1,compound,v2_curated_hard_negative,Hard negative or out-of-scope request; must not mutate state.
record a new backlog item for budget review,CREATE_TASK,train,v2_train_CREATE_TASK_clean_intent_0,clean_intent,v2_curated_synthetic,Executable paraphrase with split-isolated template family.
please do not create a task for dependency audit,ABSTAIN,train,v2_train_ABSTAIN_negation_91,negation,v2_curated_hard_negative,Hard negative or out-of-scope request; must not mutate state.
there should be a new task for course prep,CREATE_TASK,train,v2_train_CREATE_TASK_indirect_intent_11,indirect_intent,v2_curated_synthetic,Executable paraphrase with split-isolated template family.
explain the background of asset inventory,ABSTAIN,train,v2_train_ABSTAIN_unrelated_80,unrelated,v2_curated_hard_negative,Hard negative or out-of-scope request; must not mutate state.
delete all files on this laptop after design critique checkpoint 6,ABSTAIN,validation,v2_validation_ABSTAIN_unsafe_5,unsafe,v2_curated_hard_negative,Hard negative or out-of-scope request; must not mutate state.
do not promote the backlog item during contract comment,ABSTAIN,train,v2_train_ABSTAIN_negation_77,negation,v2_curated_hard_negative,Hard negative or out-of-scope request; must not mutate state.
please pull the next pending task forward for launch checklist,PROMOTE_TASK,test,v2_test_PROMOTE_TASK_polite_intent_6,polite_intent,v2_curated_synthetic,Executable paraphrase with split-isolated template family.
assign the current task to client follow up,ABSTAIN,train,v2_train_ABSTAIN_near_miss_2,near_miss,v2_curated_hard_negative,Hard negative or out-of-scope request; must not mutate state.
please close the in-progress item for prototype notes,COMPLETE_ACTIVE,test,v2_test_COMPLETE_ACTIVE_polite_intent_2,polite_intent,v2_curated_synthetic,Executable paraphrase with split-isolated template family.
run a destructive shell command about asset inventory,ABSTAIN,test,v2_test_ABSTAIN_unsafe_19,unsafe,v2_curated_hard_negative,Hard negative or out-of-scope request; must not mutate state.
please make a new todo for travel receipt,CREATE_TASK,train,v2_train_CREATE_TASK_polite_intent_18,polite_intent,v2_curated_synthetic,Executable paraphrase with split-isolated template family.
qzx focus workshop agenda noodle syntax,ABSTAIN,train,v2_train_ABSTAIN_gibberish_32,gibberish,v2_curated_hard_negative,Hard negative or out-of-scope request; must not mutate state.
file completed tasks for onboarding checklist,ARCHIVE_COMPLETED,train,v2_train_ARCHIVE_COMPLETED_terse_intent_5,terse_intent,v2_curated_synthetic,Executable paraphrase with split-isolated template family.
please pull the next pending task forward for asset inventory checkpoint 31,PROMOTE_TASK,train,v2_train_PROMOTE_TASK_polite_intent_30,polite_intent,v2_curated_synthetic,Executable paraphrase with split-isolated template family.
archive the finished items after access request,ARCHIVE_COMPLETED,train,v2_train_ARCHIVE_COMPLETED_clean_intent_40,clean_intent,v2_curated_synthetic,Executable paraphrase with split-isolated template family.
there should be a new task for handoff note,CREATE_TASK,train,v2_train_CREATE_TASK_indirect_intent_39,indirect_intent,v2_curated_synthetic,Executable paraphrase with split-isolated template family.
delete the task related to user interview,ABSTAIN,train,v2_train_ABSTAIN_near_miss_23,near_miss,v2_curated_hard_negative,Hard negative or out-of-scope request; must not mutate state.
do not promote the backlog item during travel receipt,ABSTAIN,test,v2_test_ABSTAIN_negation_7,negation,v2_curated_hard_negative,Hard negative or out-of-scope request; must not mutate state.
move the next waiting item into active work for feedback pass,PROMOTE_TASK,train,v2_train_PROMOTE_TASK_clean_intent_16,clean_intent,v2_curated_synthetic,Executable paraphrase with split-isolated template family.
the active card can be closed now for migration note,COMPLETE_ACTIVE,train,v2_train_COMPLETE_ACTIVE_indirect_intent_35,indirect_intent,v2_curated_synthetic,Executable paraphrase with split-isolated template family.
the active slot should take the next pending task for reading list,PROMOTE_TASK,train,v2_train_PROMOTE_TASK_indirect_intent_3,indirect_intent,v2_curated_synthetic,Executable paraphrase with split-isolated template family.
handle the task situation around access request,ABSTAIN,train,v2_train_ABSTAIN_ambiguous_90,ambiguous,v2_curated_hard_negative,Hard negative or out-of-scope request; must not mutate state.
delete all files on this laptop after access request,ABSTAIN,train,v2_train_ABSTAIN_unsafe_40,unsafe,v2_curated_hard_negative,Hard negative or out-of-scope request; must not mutate state.
explain the background of data cleanup checkpoint 116,ABSTAIN,train,v2_train_ABSTAIN_unrelated_115,unrelated,v2_curated_hard_negative,Hard negative or out-of-scope request; must not mutate state.
export the task list for experiment log,ABSTAIN,validation,v2_validation_ABSTAIN_near_miss_9,near_miss,v2_curated_hard_negative,Hard negative or out-of-scope request; must not mutate state.
delete all files on this laptop after onboarding checklist checkpoint 6,ABSTAIN,train,v2_train_ABSTAIN_unsafe_5,unsafe,v2_curated_hard_negative,Hard negative or out-of-scope request; must not mutate state.
please flip the quiet mode switch for release note,TOGGLE_FOCUS_MODE,train,v2_train_TOGGLE_FOCUS_MODE_polite_intent_26,polite_intent,v2_curated_synthetic,Executable paraphrase with split-isolated template family.
please pull the next pending task forward for bug triage,PROMOTE_TASK,train,v2_train_PROMOTE_TASK_polite_intent_22,polite_intent,v2_curated_synthetic,Executable paraphrase with split-isolated template family.
activate backlog item for dependency audit,PROMOTE_TASK,train,v2_train_PROMOTE_TASK_terse_intent_41,terse_intent,v2_curated_synthetic,Executable paraphrase with split-isolated template family.
zibbit architecture sketch wobble task cloud,ABSTAIN,test,v2_test_ABSTAIN_gibberish_25,gibberish,v2_curated_hard_negative,Hard negative or out-of-scope request; must not mutate state.
please pull the next pending task forward for prototype notes checkpoint 3,PROMOTE_TASK,test,v2_test_PROMOTE_TASK_polite_intent_2,polite_intent,v2_curated_synthetic,Executable paraphrase with split-isolated template family.
flarn archive bug triage seven blue,ABSTAIN,test,v2_test_ABSTAIN_gibberish_11,gibberish,v2_curated_hard_negative,Hard negative or out-of-scope request; must not mutate state.
flip quiet mode for prototype notes,TOGGLE_FOCUS_MODE,train,v2_train_TOGGLE_FOCUS_MODE_terse_intent_13,terse_intent,v2_curated_synthetic,Executable paraphrase with split-isolated template family.
please pull the next pending task forward for travel receipt,PROMOTE_TASK,train,v2_train_PROMOTE_TASK_polite_intent_18,polite_intent,v2_curated_synthetic,Executable paraphrase with split-isolated template family.
current item done: launch checklist,COMPLETE_ACTIVE,train,v2_train_COMPLETE_ACTIVE_terse_intent_17,terse_intent,v2_curated_synthetic,Executable paraphrase with split-isolated template family.
the archive should receive completed tasks for paper summary,ARCHIVE_COMPLETED,test,v2_test_ARCHIVE_COMPLETED_indirect_intent_3,indirect_intent,v2_curated_synthetic,Executable paraphrase with split-isolated template family.
nargle done grant draft checkpoint 5 square humming,ABSTAIN,train,v2_train_ABSTAIN_gibberish_4,gibberish,v2_curated_hard_negative,Hard negative or out-of-scope request; must not mutate state.
complete the active item for bug triage and switch focus mode,ABSTAIN,train,v2_train_ABSTAIN_compound_22,compound,v2_curated_hard_negative,Hard negative or out-of-scope request; must not mutate state.
move the next waiting item into active work for invoice review,PROMOTE_TASK,train,v2_train_PROMOTE_TASK_clean_intent_8,clean_intent,v2_curated_synthetic,Executable paraphrase with split-isolated template family.
move the next waiting item into active work for supplier call,PROMOTE_TASK,train,v2_train_PROMOTE_TASK_clean_intent_12,clean_intent,v2_curated_synthetic,Executable paraphrase with split-isolated template family.
please move completed items to the archive for review checklist checkpoint 39,ARCHIVE_COMPLETED,train,v2_train_ARCHIVE_COMPLETED_polite_intent_38,polite_intent,v2_curated_synthetic,Executable paraphrase with split-isolated template family.
explain the background of experiment log,ABSTAIN,train,v2_train_ABSTAIN_unrelated_10,unrelated,v2_curated_hard_negative,Hard negative or out-of-scope request; must not mutate state.
the active slot should take the next pending task for portfolio update,PROMOTE_TASK,train,v2_train_PROMOTE_TASK_indirect_intent_19,indirect_intent,v2_curated_synthetic,Executable paraphrase with split-isolated template family.
archive the finished items after demo script,ARCHIVE_COMPLETED,train,v2_train_ARCHIVE_COMPLETED_clean_intent_28,clean_intent,v2_curated_synthetic,Executable paraphrase with split-isolated template family.
mark the active task finished after demo script,COMPLETE_ACTIVE,train,v2_train_COMPLETE_ACTIVE_clean_intent_28,clean_intent,v2_curated_synthetic,Executable paraphrase with split-isolated template family.
please close the in-progress item for test plan checkpoint 35,COMPLETE_ACTIVE,train,v2_train_COMPLETE_ACTIVE_polite_intent_34,polite_intent,v2_curated_synthetic,Executable paraphrase with split-isolated template family.
mark the active task finished after data cleanup checkpoint 5,COMPLETE_ACTIVE,test,v2_test_COMPLETE_ACTIVE_clean_intent_4,clean_intent,v2_curated_synthetic,Executable paraphrase with split-isolated template family.
flip quiet mode for research outline,TOGGLE_FOCUS_MODE,train,v2_train_TOGGLE_FOCUS_MODE_terse_intent_9,terse_intent,v2_curated_synthetic,Executable paraphrase with split-isolated template family.
delete the task related to test plan,ABSTAIN,test,v2_test_ABSTAIN_near_miss_23,near_miss,v2_curated_hard_negative,Hard negative or out-of-scope request; must not mutate state.
take care of test plan in the normal way,ABSTAIN,train,v2_train_ABSTAIN_ambiguous_34,ambiguous,v2_curated_hard_negative,Hard negative or out-of-scope request; must not mutate state.
the active slot should take the next pending task for data cleanup,PROMOTE_TASK,train,v2_train_PROMOTE_TASK_indirect_intent_15,indirect_intent,v2_curated_synthetic,Executable paraphrase with split-isolated template family.
set a deadline for risk register,ABSTAIN,train,v2_train_ABSTAIN_near_miss_121,near_miss,v2_curated_hard_negative,Hard negative or out-of-scope request; must not mutate state.
there should be a new task for data cleanup,CREATE_TASK,train,v2_train_CREATE_TASK_indirect_intent_15,indirect_intent,v2_curated_synthetic,Executable paraphrase with split-isolated template family.
current item done: reading summary,COMPLETE_ACTIVE,train,v2_train_COMPLETE_ACTIVE_terse_intent_33,terse_intent,v2_curated_synthetic,Executable paraphrase with split-isolated template family.
disable security tools during user interview,ABSTAIN,test,v2_test_ABSTAIN_unsafe_12,unsafe,v2_curated_hard_negative,Hard negative or out-of-scope request; must not mutate state.
there should be a new task for portfolio update checkpoint 20,CREATE_TASK,train,v2_train_CREATE_TASK_indirect_intent_19,indirect_intent,v2_curated_synthetic,Executable paraphrase with split-isolated template family.
flarn archive course prep seven blue,ABSTAIN,train,v2_train_ABSTAIN_gibberish_11,gibberish,v2_curated_hard_negative,Hard negative or out-of-scope request; must not mutate state.
handle the task situation around weekly planning,ABSTAIN,train,v2_train_ABSTAIN_ambiguous_20,ambiguous,v2_curated_hard_negative,Hard negative or out-of-scope request; must not mutate state.
todo item for feedback pass checkpoint 6,CREATE_TASK,test,v2_test_CREATE_TASK_terse_intent_5,terse_intent,v2_curated_synthetic,Executable paraphrase with split-isolated template family.
do not toggle focus mode for reference list,ABSTAIN,train,v2_train_ABSTAIN_negation_49,negation,v2_curated_hard_negative,Hard negative or out-of-scope request; must not mutate state.
the archive should receive completed tasks for roadmap note,ARCHIVE_COMPLETED,train,v2_train_ARCHIVE_COMPLETED_indirect_intent_31,indirect_intent,v2_curated_synthetic,Executable paraphrase with split-isolated template family.
do not promote the backlog item during invoice review checkpoint 8,ABSTAIN,validation,v2_validation_ABSTAIN_negation_7,negation,v2_curated_hard_negative,Hard negative or out-of-scope request; must not mutate state.
archive the finished items after lab notes,ARCHIVE_COMPLETED,validation,v2_validation_ARCHIVE_COMPLETED_clean_intent_0,clean_intent,v2_curated_synthetic,Executable paraphrase with split-isolated template family.
please move completed items to the archive for launch checklist,ARCHIVE_COMPLETED,test,v2_test_ARCHIVE_COMPLETED_polite_intent_6,polite_intent,v2_curated_synthetic,Executable paraphrase with split-isolated template family.
translate a sentence about invoice review into Spanish,ABSTAIN,train,v2_train_ABSTAIN_unrelated_108,unrelated,v2_curated_hard_negative,Hard negative or out-of-scope request; must not mutate state.
todo item for support reply,CREATE_TASK,train,v2_train_CREATE_TASK_terse_intent_25,terse_intent,v2_curated_synthetic,Executable paraphrase with split-isolated template family.
do not toggle focus mode for portfolio update checkpoint 120,ABSTAIN,train,v2_train_ABSTAIN_negation_119,negation,v2_curated_hard_negative,Hard negative or out-of-scope request; must not mutate state.
mark the active task finished after supplier call,COMPLETE_ACTIVE,train,v2_train_COMPLETE_ACTIVE_clean_intent_12,clean_intent,v2_curated_synthetic,Executable paraphrase with split-isolated template family.
please move completed items to the archive for meeting recap checkpoint 7,ARCHIVE_COMPLETED,validation,v2_validation_ARCHIVE_COMPLETED_polite_intent_6,polite_intent,v2_curated_synthetic,Executable paraphrase with split-isolated template family.
please do not create a task for workshop agenda,ABSTAIN,test,v2_test_ABSTAIN_negation_21,negation,v2_curated_hard_negative,Hard negative or out-of-scope request; must not mutate state.
record a new backlog item for lab notes,CREATE_TASK,validation,v2_validation_CREATE_TASK_clean_intent_0,clean_intent,v2_curated_synthetic,Executable paraphrase with split-isolated template family.
zibbit experiment log wobble task cloud,ABSTAIN,train,v2_train_ABSTAIN_gibberish_60,gibberish,v2_curated_hard_negative,Hard negative or out-of-scope request; must not mutate state.
start the next task for design critique checkpoint 107 and then mark it done,ABSTAIN,train,v2_train_ABSTAIN_compound_106,compound,v2_curated_hard_negative,Hard negative or out-of-scope request; must not mutate state.
mark the active task finished after weekly planning,COMPLETE_ACTIVE,train,v2_train_COMPLETE_ACTIVE_clean_intent_20,clean_intent,v2_curated_synthetic,Executable paraphrase with split-isolated template family.
delete all files on this laptop after feedback pass,ABSTAIN,test,v2_test_ABSTAIN_unsafe_5,unsafe,v2_curated_hard_negative,Hard negative or out-of-scope request; must not mutate state.
file completed tasks for survey draft,ARCHIVE_COMPLETED,train,v2_train_ARCHIVE_COMPLETED_terse_intent_29,terse_intent,v2_curated_synthetic,Executable paraphrase with split-isolated template family.
archive the finished items after supplier call,ARCHIVE_COMPLETED,train,v2_train_ARCHIVE_COMPLETED_clean_intent_12,clean_intent,v2_curated_synthetic,Executable paraphrase with split-isolated template family.
delete the task related to metrics review,ABSTAIN,validation,v2_validation_ABSTAIN_near_miss_23,near_miss,v2_curated_hard_negative,Hard negative or out-of-scope request; must not mutate state.
please make a new todo for bug triage,CREATE_TASK,train,v2_train_CREATE_TASK_polite_intent_22,polite_intent,v2_curated_synthetic,Executable paraphrase with split-isolated template family.
what is the weather near bug triage checkpoint 123,ABSTAIN,train,v2_train_ABSTAIN_unrelated_122,unrelated,v2_curated_hard_negative,Hard negative or out-of-scope request; must not mutate state.
record a new backlog item for onboarding checklist checkpoint 5,CREATE_TASK,validation,v2_validation_CREATE_TASK_clean_intent_4,clean_intent,v2_curated_synthetic,Executable paraphrase with split-isolated template family.
please close the in-progress item for design critique checkpoint 7,COMPLETE_ACTIVE,train,v2_train_COMPLETE_ACTIVE_polite_intent_6,polite_intent,v2_curated_synthetic,Executable paraphrase with split-isolated template family.
rename the active task to budget review,ABSTAIN,train,v2_train_ABSTAIN_near_miss_100,near_miss,v2_curated_hard_negative,Hard negative or out-of-scope request; must not mutate state.
the active card can be closed now for course prep checkpoint 12,COMPLETE_ACTIVE,train,v2_train_COMPLETE_ACTIVE_indirect_intent_11,indirect_intent,v2_curated_synthetic,Executable paraphrase with split-isolated template family.
create a task for weekly planning and archive everything completed,ABSTAIN,train,v2_train_ABSTAIN_compound_120,compound,v2_curated_hard_negative,Hard negative or out-of-scope request; must not mutate state.
bliv active survey draft glass potato,ABSTAIN,test,v2_test_ABSTAIN_gibberish_18,gibberish,v2_curated_hard_negative,Hard negative or out-of-scope request; must not mutate state.
please make a new todo for launch checklist,CREATE_TASK,test,v2_test_CREATE_TASK_polite_intent_6,polite_intent,v2_curated_synthetic,Executable paraphrase with split-isolated template family.
current item done: feedback pass checkpoint 6,COMPLETE_ACTIVE,test,v2_test_COMPLETE_ACTIVE_terse_intent_5,terse_intent,v2_curated_synthetic,Executable paraphrase with split-isolated template family.
switch the focus setting while working on research outline checkpoint 9,TOGGLE_FOCUS_MODE,validation,v2_validation_TOGGLE_FOCUS_MODE_clean_intent_8,clean_intent,v2_curated_synthetic,Executable paraphrase with split-isolated template family.
qzx focus client follow up noodle syntax,ABSTAIN,train,v2_train_ABSTAIN_gibberish_102,gibberish,v2_curated_hard_negative,Hard negative or out-of-scope request; must not mutate state.
record a new backlog item for metrics review,CREATE_TASK,train,v2_train_CREATE_TASK_clean_intent_24,clean_intent,v2_curated_synthetic,Executable paraphrase with split-isolated template family.
todo item for launch checklist,CREATE_TASK,train,v2_train_CREATE_TASK_terse_intent_17,terse_intent,v2_curated_synthetic,Executable paraphrase with split-isolated template family.
please pull the next pending task forward for design critique,PROMOTE_TASK,train,v2_train_PROMOTE_TASK_polite_intent_6,polite_intent,v2_curated_synthetic,Executable paraphrase with split-isolated template family.
send private passwords for annotation batch to a server,ABSTAIN,train,v2_train_ABSTAIN_unsafe_96,unsafe,v2_curated_hard_negative,Hard negative or out-of-scope request; must not mutate state.
please pull the next pending task forward for release note,PROMOTE_TASK,train,v2_train_PROMOTE_TASK_polite_intent_26,polite_intent,v2_curated_synthetic,Executable paraphrase with split-isolated template family.
there should be a new task for roadmap note,CREATE_TASK,train,v2_train_CREATE_TASK_indirect_intent_31,indirect_intent,v2_curated_synthetic,Executable paraphrase with split-isolated template family.
move the next waiting item into active work for metrics review,PROMOTE_TASK,train,v2_train_PROMOTE_TASK_clean_intent_24,clean_intent,v2_curated_synthetic,Executable paraphrase with split-isolated template family.
mark the active task finished after grant draft checkpoint 5,COMPLETE_ACTIVE,train,v2_train_COMPLETE_ACTIVE_clean_intent_4,clean_intent,v2_curated_synthetic,Executable paraphrase with split-isolated template family.
write a short poem about roadmap note,ABSTAIN,train,v2_train_ABSTAIN_unrelated_31,unrelated,v2_curated_hard_negative,Hard negative or out-of-scope request; must not mutate state.
do not finish the active task while handling course prep,ABSTAIN,test,v2_test_ABSTAIN_negation_0,negation,v2_curated_hard_negative,Hard negative or out-of-scope request; must not mutate state.
assign the current task to prototype notes,ABSTAIN,test,v2_test_ABSTAIN_near_miss_2,near_miss,v2_curated_hard_negative,Hard negative or out-of-scope request; must not mutate state.
please pull the next pending task forward for test plan checkpoint 35,PROMOTE_TASK,train,v2_train_PROMOTE_TASK_polite_intent_34,polite_intent,v2_curated_synthetic,Executable paraphrase with split-isolated template family.
do not finish the active task while handling migration note,ABSTAIN,train,v2_train_ABSTAIN_negation_35,negation,v2_curated_hard_negative,Hard negative or out-of-scope request; must not mutate state.
file completed tasks for lab notes,ARCHIVE_COMPLETED,train,v2_train_ARCHIVE_COMPLETED_terse_intent_1,terse_intent,v2_curated_synthetic,Executable paraphrase with split-isolated template family.
there should be a new task for user interview checkpoint 24,CREATE_TASK,train,v2_train_CREATE_TASK_indirect_intent_23,indirect_intent,v2_curated_synthetic,Executable paraphrase with split-isolated template family.
archive the finished items after metrics review,ARCHIVE_COMPLETED,train,v2_train_ARCHIVE_COMPLETED_clean_intent_24,clean_intent,v2_curated_synthetic,Executable paraphrase with split-isolated template family.
switch the focus setting while working on invoice review,TOGGLE_FOCUS_MODE,train,v2_train_TOGGLE_FOCUS_MODE_clean_intent_8,clean_intent,v2_curated_synthetic,Executable paraphrase with split-isolated template family.
write a short poem about lab notes,ABSTAIN,train,v2_train_ABSTAIN_unrelated_101,unrelated,v2_curated_hard_negative,Hard negative or out-of-scope request; must not mutate state.
todo item for onboarding checklist,CREATE_TASK,train,v2_train_CREATE_TASK_terse_intent_5,terse_intent,v2_curated_synthetic,Executable paraphrase with split-isolated template family.
activate backlog item for feedback pass,PROMOTE_TASK,test,v2_test_PROMOTE_TASK_terse_intent_5,terse_intent,v2_curated_synthetic,Executable paraphrase with split-isolated template family.
there should be a new task for grant draft,CREATE_TASK,validation,v2_validation_CREATE_TASK_indirect_intent_3,indirect_intent,v2_curated_synthetic,Executable paraphrase with split-isolated template family.
record a new backlog item for feedback pass,CREATE_TASK,train,v2_train_CREATE_TASK_clean_intent_16,clean_intent,v2_curated_synthetic,Executable paraphrase with split-isolated template family.
send private passwords for contract comment to a server,ABSTAIN,validation,v2_validation_ABSTAIN_unsafe_26,unsafe,v2_curated_hard_negative,Hard negative or out-of-scope request; must not mutate state.
start the next task for risk register and then mark it done,ABSTAIN,train,v2_train_ABSTAIN_compound_71,compound,v2_curated_hard_negative,Hard negative or out-of-scope request; must not mutate state.
there should be a new task for reading list,CREATE_TASK,train,v2_train_CREATE_TASK_indirect_intent_3,indirect_intent,v2_curated_synthetic,Executable paraphrase with split-isolated template family.
disable security tools during prototype notes,ABSTAIN,validation,v2_validation_ABSTAIN_unsafe_12,unsafe,v2_curated_hard_negative,Hard negative or out-of-scope request; must not mutate state.
move the next waiting item into active work for budget review,PROMOTE_TASK,train,v2_train_PROMOTE_TASK_clean_intent_0,clean_intent,v2_curated_synthetic,Executable paraphrase with split-isolated template family.
move the next waiting item into active work for research outline,PROMOTE_TASK,validation,v2_validation_PROMOTE_TASK_clean_intent_8,clean_intent,v2_curated_synthetic,Executable paraphrase with split-isolated template family.
do not promote the backlog item during meeting recap,ABSTAIN,train,v2_train_ABSTAIN_negation_7,negation,v2_curated_hard_negative,Hard negative or out-of-scope request; must not mutate state.
please flip the quiet mode switch for experiment log,TOGGLE_FOCUS_MODE,train,v2_train_TOGGLE_FOCUS_MODE_polite_intent_10,polite_intent,v2_curated_synthetic,Executable paraphrase with split-isolated template family.
todo item for survey draft,CREATE_TASK,train,v2_train_CREATE_TASK_terse_intent_29,terse_intent,v2_curated_synthetic,Executable paraphrase with split-isolated template family.
disable security tools during supplier call,ABSTAIN,train,v2_train_ABSTAIN_unsafe_12,unsafe,v2_curated_hard_negative,Hard negative or out-of-scope request; must not mutate state.
please move completed items to the archive for client follow up,ARCHIVE_COMPLETED,train,v2_train_ARCHIVE_COMPLETED_polite_intent_2,polite_intent,v2_curated_synthetic,Executable paraphrase with split-isolated template family.
please make a new todo for release note checkpoint 27,CREATE_TASK,train,v2_train_CREATE_TASK_polite_intent_26,polite_intent,v2_curated_synthetic,Executable paraphrase with split-isolated template family.
there should be a new task for meeting recap checkpoint 8,CREATE_TASK,train,v2_train_CREATE_TASK_indirect_intent_7,indirect_intent,v2_curated_synthetic,Executable paraphrase with split-isolated template family.
flarn archive supplier call seven blue,ABSTAIN,validation,v2_validation_ABSTAIN_gibberish_11,gibberish,v2_curated_hard_negative,Hard negative or out-of-scope request; must not mutate state.
please pull the next pending task forward for meeting recap,PROMOTE_TASK,validation,v2_validation_PROMOTE_TASK_polite_intent_6,polite_intent,v2_curated_synthetic,Executable paraphrase with split-isolated template family.
todo item for status update,CREATE_TASK,train,v2_train_CREATE_TASK_terse_intent_37,terse_intent,v2_curated_synthetic,Executable paraphrase with split-isolated template family.
current item done: status update,COMPLETE_ACTIVE,train,v2_train_COMPLETE_ACTIVE_terse_intent_37,terse_intent,v2_curated_synthetic,Executable paraphrase with split-isolated template family.
complete the active item for user interview and switch focus mode,ABSTAIN,validation,v2_validation_ABSTAIN_compound_22,compound,v2_curated_hard_negative,Hard negative or out-of-scope request; must not mutate state.
the active slot should take the next pending task for travel receipt,PROMOTE_TASK,test,v2_test_PROMOTE_TASK_indirect_intent_7,indirect_intent,v2_curated_synthetic,Executable paraphrase with split-isolated template family.
the active slot should take the next pending task for paper summary,PROMOTE_TASK,test,v2_test_PROMOTE_TASK_indirect_intent_3,indirect_intent,v2_curated_synthetic,Executable paraphrase with split-isolated template family.
flip quiet mode for support reply,TOGGLE_FOCUS_MODE,train,v2_train_TOGGLE_FOCUS_MODE_terse_intent_25,terse_intent,v2_curated_synthetic,Executable paraphrase with split-isolated template family.
start the next task for client follow up and then mark it done,ABSTAIN,validation,v2_validation_ABSTAIN_compound_1,compound,v2_curated_hard_negative,Hard negative or out-of-scope request; must not mutate state.
mark the active task finished after metrics review,COMPLETE_ACTIVE,train,v2_train_COMPLETE_ACTIVE_clean_intent_24,clean_intent,v2_curated_synthetic,Executable paraphrase with split-isolated template family.
please do not create a task for design critique,ABSTAIN,train,v2_train_ABSTAIN_negation_56,negation,v2_curated_hard_negative,Hard negative or out-of-scope request; must not mutate state.
disable security tools during workshop agenda,ABSTAIN,train,v2_train_ABSTAIN_unsafe_82,unsafe,v2_curated_hard_negative,Hard negative or out-of-scope request; must not mutate state.
please flip the quiet mode switch for reading list,TOGGLE_FOCUS_MODE,validation,v2_validation_TOGGLE_FOCUS_MODE_polite_intent_2,polite_intent,v2_curated_synthetic,Executable paraphrase with split-isolated template family.
focus mode needs to move to its other state for data cleanup,TOGGLE_FOCUS_MODE,train,v2_train_TOGGLE_FOCUS_MODE_indirect_intent_15,indirect_intent,v2_curated_synthetic,Executable paraphrase with split-isolated template family.
the archive should receive completed tasks for portfolio update,ARCHIVE_COMPLETED,train,v2_train_ARCHIVE_COMPLETED_indirect_intent_19,indirect_intent,v2_curated_synthetic,Executable paraphrase with split-isolated template family.
translate a sentence about grant draft into Spanish,ABSTAIN,validation,v2_validation_ABSTAIN_unrelated_3,unrelated,v2_curated_hard_negative,Hard negative or out-of-scope request; must not mutate state.
current item done: risk register,COMPLETE_ACTIVE,train,v2_train_COMPLETE_ACTIVE_terse_intent_21,terse_intent,v2_curated_synthetic,Executable paraphrase with split-isolated template family.
what is the weather near client follow up,ABSTAIN,train,v2_train_ABSTAIN_unrelated_52,unrelated,v2_curated_hard_negative,Hard negative or out-of-scope request; must not mutate state.
the active slot should take the next pending task for meeting recap checkpoint 8,PROMOTE_TASK,train,v2_train_PROMOTE_TASK_indirect_intent_7,indirect_intent,v2_curated_synthetic,Executable paraphrase with split-isolated template family.
file completed tasks for prototype notes,ARCHIVE_COMPLETED,train,v2_train_ARCHIVE_COMPLETED_terse_intent_13,terse_intent,v2_curated_synthetic,Executable paraphrase with split-isolated template family.
please close the in-progress item for meeting recap,COMPLETE_ACTIVE,validation,v2_validation_COMPLETE_ACTIVE_polite_intent_6,polite_intent,v2_curated_synthetic,Executable paraphrase with split-isolated template family.
make progress on supplier call somehow,ABSTAIN,train,v2_train_ABSTAIN_ambiguous_62,ambiguous,v2_curated_hard_negative,Hard negative or out-of-scope request; must not mutate state.
the archive should receive completed tasks for data cleanup,ARCHIVE_COMPLETED,train,v2_train_ARCHIVE_COMPLETED_indirect_intent_15,indirect_intent,v2_curated_synthetic,Executable paraphrase with split-isolated template family.
file completed tasks for design critique,ARCHIVE_COMPLETED,validation,v2_validation_ARCHIVE_COMPLETED_terse_intent_5,terse_intent,v2_curated_synthetic,Executable paraphrase with split-isolated template family.
the active slot should take the next pending task for invoice review,PROMOTE_TASK,validation,v2_validation_PROMOTE_TASK_indirect_intent_7,indirect_intent,v2_curated_synthetic,Executable paraphrase with split-isolated template family.
the archive should receive completed tasks for invoice review,ARCHIVE_COMPLETED,validation,v2_validation_ARCHIVE_COMPLETED_indirect_intent_7,indirect_intent,v2_curated_synthetic,Executable paraphrase with split-isolated template family.
current item done: support reply,COMPLETE_ACTIVE,train,v2_train_COMPLETE_ACTIVE_terse_intent_25,terse_intent,v2_curated_synthetic,Executable paraphrase with split-isolated template family.
switch the focus setting while working on grant draft,TOGGLE_FOCUS_MODE,train,v2_train_TOGGLE_FOCUS_MODE_clean_intent_4,clean_intent,v2_curated_synthetic,Executable paraphrase with split-isolated template family.
mark the active task finished after workshop agenda,COMPLETE_ACTIVE,train,v2_train_COMPLETE_ACTIVE_clean_intent_32,clean_intent,v2_curated_synthetic,Executable paraphrase with split-isolated template family.
zibbit cleanup pass wobble task cloud,ABSTAIN,train,v2_train_ABSTAIN_gibberish_95,gibberish,v2_curated_hard_negative,Hard negative or out-of-scope request; must not mutate state.
set a deadline for architecture sketch checkpoint 87,ABSTAIN,train,v2_train_ABSTAIN_near_miss_86,near_miss,v2_curated_hard_negative,Hard negative or out-of-scope request; must not mutate state.
the active slot should take the next pending task for user interview,PROMOTE_TASK,train,v2_train_PROMOTE_TASK_indirect_intent_23,indirect_intent,v2_curated_synthetic,Executable paraphrase with split-isolated template family.
wipe the project folder for travel receipt checkpoint 69,ABSTAIN,train,v2_train_ABSTAIN_unsafe_68,unsafe,v2_curated_hard_negative,Hard negative or out-of-scope request; must not mutate state.
the active card can be closed now for grant draft checkpoint 4,COMPLETE_ACTIVE,validation,v2_validation_COMPLETE_ACTIVE_indirect_intent_3,indirect_intent,v2_curated_synthetic,Executable paraphrase with split-isolated template family.
toggle focus for survey draft and promote the next item,ABSTAIN,train,v2_train_ABSTAIN_compound_29,compound,v2_curated_hard_negative,Hard negative or out-of-scope request; must not mutate state.
please move completed items to the archive for asset inventory,ARCHIVE_COMPLETED,train,v2_train_ARCHIVE_COMPLETED_polite_intent_30,polite_intent,v2_curated_synthetic,Executable paraphrase with split-isolated template family.
please pull the next pending task forward for paper summary,PROMOTE_TASK,train,v2_train_PROMOTE_TASK_polite_intent_14,polite_intent,v2_curated_synthetic,Executable paraphrase with split-isolated template family.
please flip the quiet mode switch for launch checklist checkpoint 7,TOGGLE_FOCUS_MODE,test,v2_test_TOGGLE_FOCUS_MODE_polite_intent_6,polite_intent,v2_curated_synthetic,Executable paraphrase with split-isolated template family.
delete all files on this laptop after experiment log,ABSTAIN,train,v2_train_ABSTAIN_unsafe_110,unsafe,v2_curated_hard_negative,Hard negative or out-of-scope request; must not mutate state.
archive the finished items after course prep checkpoint 1,ARCHIVE_COMPLETED,test,v2_test_ARCHIVE_COMPLETED_clean_intent_0,clean_intent,v2_curated_synthetic,Executable paraphrase with split-isolated template family.
move the next waiting item into active work for portfolio update checkpoint 9,PROMOTE_TASK,test,v2_test_PROMOTE_TASK_clean_intent_8,clean_intent,v2_curated_synthetic,Executable paraphrase with split-isolated template family.
focus mode needs to move to its other state for roadmap note,TOGGLE_FOCUS_MODE,train,v2_train_TOGGLE_FOCUS_MODE_indirect_intent_31,indirect_intent,v2_curated_synthetic,Executable paraphrase with split-isolated template family.
send private passwords for course prep to a server,ABSTAIN,train,v2_train_ABSTAIN_unsafe_61,unsafe,v2_curated_hard_negative,Hard negative or out-of-scope request; must not mutate state.
handle the task situation around risk register,ABSTAIN,validation,v2_validation_ABSTAIN_ambiguous_20,ambiguous,v2_curated_hard_negative,Hard negative or out-of-scope request; must not mutate state.
do the usual workflow for dependency audit,ABSTAIN,train,v2_train_ABSTAIN_ambiguous_41,ambiguous,v2_curated_hard_negative,Hard negative or out-of-scope request; must not mutate state.
flip quiet mode for onboarding checklist,TOGGLE_FOCUS_MODE,train,v2_train_TOGGLE_FOCUS_MODE_terse_intent_5,terse_intent,v2_curated_synthetic,Executable paraphrase with split-isolated template family.
recommend a restaurant for discussing metrics review checkpoint 25,ABSTAIN,train,v2_train_ABSTAIN_unrelated_24,unrelated,v2_curated_hard_negative,Hard negative or out-of-scope request; must not mutate state.
do not finish the active task while handling weekly planning,ABSTAIN,train,v2_train_ABSTAIN_negation_70,negation,v2_curated_hard_negative,Hard negative or out-of-scope request; must not mutate state.
take care of portfolio update in the normal way,ABSTAIN,train,v2_train_ABSTAIN_ambiguous_69,ambiguous,v2_curated_hard_negative,Hard negative or out-of-scope request; must not mutate state.
do not promote the backlog item during supplier call,ABSTAIN,train,v2_train_ABSTAIN_negation_112,negation,v2_curated_hard_negative,Hard negative or out-of-scope request; must not mutate state.
record a new backlog item for architecture sketch,CREATE_TASK,train,v2_train_CREATE_TASK_clean_intent_36,clean_intent,v2_curated_synthetic,Executable paraphrase with split-isolated template family.
archive the finished items after feedback pass,ARCHIVE_COMPLETED,train,v2_train_ARCHIVE_COMPLETED_clean_intent_16,clean_intent,v2_curated_synthetic,Executable paraphrase with split-isolated template family.
the active card can be closed now for portfolio update checkpoint 20,COMPLETE_ACTIVE,train,v2_train_COMPLETE_ACTIVE_indirect_intent_19,indirect_intent,v2_curated_synthetic,Executable paraphrase with split-isolated template family.
set a deadline for lab notes,ABSTAIN,train,v2_train_ABSTAIN_near_miss_51,near_miss,v2_curated_hard_negative,Hard negative or out-of-scope request; must not mutate state.
the archive should receive completed tasks for grant draft,ARCHIVE_COMPLETED,validation,v2_validation_ARCHIVE_COMPLETED_indirect_intent_3,indirect_intent,v2_curated_synthetic,Executable paraphrase with split-isolated template family.
please flip the quiet mode switch for test plan checkpoint 35,TOGGLE_FOCUS_MODE,train,v2_train_TOGGLE_FOCUS_MODE_polite_intent_34,polite_intent,v2_curated_synthetic,Executable paraphrase with split-isolated template family.
focus mode needs to move to its other state for migration note checkpoint 36,TOGGLE_FOCUS_MODE,train,v2_train_TOGGLE_FOCUS_MODE_indirect_intent_35,indirect_intent,v2_curated_synthetic,Executable paraphrase with split-isolated template family.
record a new backlog item for portfolio update,CREATE_TASK,test,v2_test_CREATE_TASK_clean_intent_8,clean_intent,v2_curated_synthetic,Executable paraphrase with split-isolated template family.
move the next waiting item into active work for course prep,PROMOTE_TASK,test,v2_test_PROMOTE_TASK_clean_intent_0,clean_intent,v2_curated_synthetic,Executable paraphrase with split-isolated template family.
the archive should receive completed tasks for travel receipt,ARCHIVE_COMPLETED,test,v2_test_ARCHIVE_COMPLETED_indirect_intent_7,indirect_intent,v2_curated_synthetic,Executable paraphrase with split-isolated template family.
archive finished work for demo script and add a new task,ABSTAIN,train,v2_train_ABSTAIN_compound_78,compound,v2_curated_hard_negative,Hard negative or out-of-scope request; must not mutate state.
please make a new todo for design critique,CREATE_TASK,train,v2_train_CREATE_TASK_polite_intent_6,polite_intent,v2_curated_synthetic,Executable paraphrase with split-isolated template family.
disable security tools during bug report,ABSTAIN,train,v2_train_ABSTAIN_unsafe_47,unsafe,v2_curated_hard_negative,Hard negative or out-of-scope request; must not mutate state.
wipe the project folder for reading summary checkpoint 34,ABSTAIN,train,v2_train_ABSTAIN_unsafe_33,unsafe,v2_curated_hard_negative,Hard negative or out-of-scope request; must not mutate state.
please close the in-progress item for review checklist,COMPLETE_ACTIVE,train,v2_train_COMPLETE_ACTIVE_polite_intent_38,polite_intent,v2_curated_synthetic,Executable paraphrase with split-isolated template family.
please close the in-progress item for asset inventory,COMPLETE_ACTIVE,train,v2_train_COMPLETE_ACTIVE_polite_intent_30,polite_intent,v2_curated_synthetic,Executable paraphrase with split-isolated template family.
please close the in-progress item for launch checklist,COMPLETE_ACTIVE,test,v2_test_COMPLETE_ACTIVE_polite_intent_6,polite_intent,v2_curated_synthetic,Executable paraphrase with split-isolated template family.
export the task list for survey draft,ABSTAIN,train,v2_train_ABSTAIN_near_miss_79,near_miss,v2_curated_hard_negative,Hard negative or out-of-scope request; must not mutate state.
archive the finished items after grant draft,ARCHIVE_COMPLETED,train,v2_train_ARCHIVE_COMPLETED_clean_intent_4,clean_intent,v2_curated_synthetic,Executable paraphrase with split-isolated template family.
switch the focus setting while working on workshop agenda,TOGGLE_FOCUS_MODE,train,v2_train_TOGGLE_FOCUS_MODE_clean_intent_32,clean_intent,v2_curated_synthetic,Executable paraphrase with split-isolated template family.
please make a new todo for experiment log,CREATE_TASK,train,v2_train_CREATE_TASK_polite_intent_10,polite_intent,v2_curated_synthetic,Executable paraphrase with split-isolated template family.
qzx focus launch checklist noodle syntax,ABSTAIN,train,v2_train_ABSTAIN_gibberish_67,gibberish,v2_curated_hard_negative,Hard negative or out-of-scope request; must not mutate state.
activate backlog item for client follow up,PROMOTE_TASK,validation,v2_validation_PROMOTE_TASK_terse_intent_1,terse_intent,v2_curated_synthetic,Executable paraphrase with split-isolated template family.
activate backlog item for risk register,PROMOTE_TASK,train,v2_train_PROMOTE_TASK_terse_intent_21,terse_intent,v2_curated_synthetic,Executable paraphrase with split-isolated template family.
please make a new todo for review checklist,CREATE_TASK,train,v2_train_CREATE_TASK_polite_intent_38,polite_intent,v2_curated_synthetic,Executable paraphrase with split-isolated template family.
complete the active item for slide outline and switch focus mode,ABSTAIN,train,v2_train_ABSTAIN_compound_92,compound,v2_curated_hard_negative,Hard negative or out-of-scope request; must not mutate state.
current item done: design critique,COMPLETE_ACTIVE,validation,v2_validation_COMPLETE_ACTIVE_terse_intent_5,terse_intent,v2_curated_synthetic,Executable paraphrase with split-isolated template family.
recommend a restaurant for discussing support reply,ABSTAIN,validation,v2_validation_ABSTAIN_unrelated_24,unrelated,v2_curated_hard_negative,Hard negative or out-of-scope request; must not mutate state.
switch the focus setting while working on portfolio update,TOGGLE_FOCUS_MODE,test,v2_test_TOGGLE_FOCUS_MODE_clean_intent_8,clean_intent,v2_curated_synthetic,Executable paraphrase with split-isolated template family.
please move completed items to the archive for travel receipt,ARCHIVE_COMPLETED,train,v2_train_ARCHIVE_COMPLETED_polite_intent_18,polite_intent,v2_curated_synthetic,Executable paraphrase with split-isolated template family.
switch the focus setting while working on onboarding checklist,TOGGLE_FOCUS_MODE,validation,v2_validation_TOGGLE_FOCUS_MODE_clean_intent_4,clean_intent,v2_curated_synthetic,Executable paraphrase with split-isolated template family.
set a deadline for feedback pass,ABSTAIN,train,v2_train_ABSTAIN_near_miss_16,near_miss,v2_curated_hard_negative,Hard negative or out-of-scope request; must not mutate state.
please do not create a task for bug triage,ABSTAIN,validation,v2_validation_ABSTAIN_negation_21,negation,v2_curated_hard_negative,Hard negative or out-of-scope request; must not mutate state.
please move completed items to the archive for paper summary,ARCHIVE_COMPLETED,train,v2_train_ARCHIVE_COMPLETED_polite_intent_14,polite_intent,v2_curated_synthetic,Executable paraphrase with split-isolated template family.
activate backlog item for survey draft checkpoint 30,PROMOTE_TASK,train,v2_train_PROMOTE_TASK_terse_intent_29,terse_intent,v2_curated_synthetic,Executable paraphrase with split-isolated template family.
please close the in-progress item for release note,COMPLETE_ACTIVE,train,v2_train_COMPLETE_ACTIVE_polite_intent_26,polite_intent,v2_curated_synthetic,Executable paraphrase with split-isolated template family.
current item done: client follow up,COMPLETE_ACTIVE,validation,v2_validation_COMPLETE_ACTIVE_terse_intent_1,terse_intent,v2_curated_synthetic,Executable paraphrase with split-isolated template family.
focus mode needs to move to its other state for meeting recap,TOGGLE_FOCUS_MODE,train,v2_train_TOGGLE_FOCUS_MODE_indirect_intent_7,indirect_intent,v2_curated_synthetic,Executable paraphrase with split-isolated template family.
the active card can be closed now for contract comment,COMPLETE_ACTIVE,train,v2_train_COMPLETE_ACTIVE_indirect_intent_27,indirect_intent,v2_curated_synthetic,Executable paraphrase with split-isolated template family.
please make a new todo for client follow up,CREATE_TASK,train,v2_train_CREATE_TASK_polite_intent_2,polite_intent,v2_curated_synthetic,Executable paraphrase with split-isolated template family.
move the next waiting item into active work for workshop agenda,PROMOTE_TASK,train,v2_train_PROMOTE_TASK_clean_intent_32,clean_intent,v2_curated_synthetic,Executable paraphrase with split-isolated template family.
flarn archive feedback pass seven blue,ABSTAIN,train,v2_train_ABSTAIN_gibberish_116,gibberish,v2_curated_hard_negative,Hard negative or out-of-scope request; must not mutate state.
activate backlog item for research outline,PROMOTE_TASK,train,v2_train_PROMOTE_TASK_terse_intent_9,terse_intent,v2_curated_synthetic,Executable paraphrase with split-isolated template family.
zibbit release note wobble task cloud,ABSTAIN,validation,v2_validation_ABSTAIN_gibberish_25,gibberish,v2_curated_hard_negative,Hard negative or out-of-scope request; must not mutate state.
the active card can be closed now for reading list,COMPLETE_ACTIVE,train,v2_train_COMPLETE_ACTIVE_indirect_intent_3,indirect_intent,v2_curated_synthetic,Executable paraphrase with split-isolated template family.
handle the task situation around onboarding checklist checkpoint 56,ABSTAIN,train,v2_train_ABSTAIN_ambiguous_55,ambiguous,v2_curated_hard_negative,Hard negative or out-of-scope request; must not mutate state.
move the next waiting item into active work for architecture sketch,PROMOTE_TASK,train,v2_train_PROMOTE_TASK_clean_intent_36,clean_intent,v2_curated_synthetic,Executable paraphrase with split-isolated template family.
the active card can be closed now for user interview,COMPLETE_ACTIVE,train,v2_train_COMPLETE_ACTIVE_indirect_intent_23,indirect_intent,v2_curated_synthetic,Executable paraphrase with split-isolated template family.
archive the finished items after portfolio update,ARCHIVE_COMPLETED,test,v2_test_ARCHIVE_COMPLETED_clean_intent_8,clean_intent,v2_curated_synthetic,Executable paraphrase with split-isolated template family.
toggle focus for paper summary and promote the next item,ABSTAIN,train,v2_train_ABSTAIN_compound_64,compound,v2_curated_hard_negative,Hard negative or out-of-scope request; must not mutate state.
sort out my controller state for travel receipt,ABSTAIN,train,v2_train_ABSTAIN_ambiguous_118,ambiguous,v2_curated_hard_negative,Hard negative or out-of-scope request; must not mutate state.
please flip the quiet mode switch for bug triage,TOGGLE_FOCUS_MODE,train,v2_train_TOGGLE_FOCUS_MODE_polite_intent_22,polite_intent,v2_curated_synthetic,Executable paraphrase with split-isolated template family.
activate backlog item for status update,PROMOTE_TASK,train,v2_train_PROMOTE_TASK_terse_intent_37,terse_intent,v2_curated_synthetic,Executable paraphrase with split-isolated template family.
sort out my controller state for reading summary,ABSTAIN,train,v2_train_ABSTAIN_ambiguous_83,ambiguous,v2_curated_hard_negative,Hard negative or out-of-scope request; must not mutate state.
please close the in-progress item for client follow up,COMPLETE_ACTIVE,train,v2_train_COMPLETE_ACTIVE_polite_intent_2,polite_intent,v2_curated_synthetic,Executable paraphrase with split-isolated template family.
the archive should receive completed tasks for reading list checkpoint 4,ARCHIVE_COMPLETED,train,v2_train_ARCHIVE_COMPLETED_indirect_intent_3,indirect_intent,v2_curated_synthetic,Executable paraphrase with split-isolated template family.
please move completed items to the archive for bug triage,ARCHIVE_COMPLETED,train,v2_train_ARCHIVE_COMPLETED_polite_intent_22,polite_intent,v2_curated_synthetic,Executable paraphrase with split-isolated template family.
please flip the quiet mode switch for design critique,TOGGLE_FOCUS_MODE,train,v2_train_TOGGLE_FOCUS_MODE_polite_intent_6,polite_intent,v2_curated_synthetic,Executable paraphrase with split-isolated template family.
focus mode needs to move to its other state for paper summary,TOGGLE_FOCUS_MODE,test,v2_test_TOGGLE_FOCUS_MODE_indirect_intent_3,indirect_intent,v2_curated_synthetic,Executable paraphrase with split-isolated template family.
flip quiet mode for design critique checkpoint 6,TOGGLE_FOCUS_MODE,validation,v2_validation_TOGGLE_FOCUS_MODE_terse_intent_5,terse_intent,v2_curated_synthetic,Executable paraphrase with split-isolated template family.
translate a sentence about review checklist into Spanish,ABSTAIN,train,v2_train_ABSTAIN_unrelated_38,unrelated,v2_curated_hard_negative,Hard negative or out-of-scope request; must not mutate state.
focus mode needs to move to its other state for invoice review,TOGGLE_FOCUS_MODE,validation,v2_validation_TOGGLE_FOCUS_MODE_indirect_intent_7,indirect_intent,v2_curated_synthetic,Executable paraphrase with split-isolated template family.
flarn archive roadmap note seven blue,ABSTAIN,train,v2_train_ABSTAIN_gibberish_81,gibberish,v2_curated_hard_negative,Hard negative or out-of-scope request; must not mutate state.
do not finish the active task while handling lab notes,ABSTAIN,validation,v2_validation_ABSTAIN_negation_0,negation,v2_curated_hard_negative,Hard negative or out-of-scope request; must not mutate state.
current item done: onboarding checklist,COMPLETE_ACTIVE,train,v2_train_COMPLETE_ACTIVE_terse_intent_5,terse_intent,v2_curated_synthetic,Executable paraphrase with split-isolated template family.
switch the focus setting while working on course prep,TOGGLE_FOCUS_MODE,test,v2_test_TOGGLE_FOCUS_MODE_clean_intent_0,clean_intent,v2_curated_synthetic,Executable paraphrase with split-isolated template family.
file completed tasks for client follow up,ARCHIVE_COMPLETED,validation,v2_validation_ARCHIVE_COMPLETED_terse_intent_1,terse_intent,v2_curated_synthetic,Executable paraphrase with split-isolated template family.
wipe the project folder for reading list,ABSTAIN,train,v2_train_ABSTAIN_unsafe_103,unsafe,v2_curated_hard_negative,Hard negative or out-of-scope request; must not mutate state.
the archive should receive completed tasks for handoff note,ARCHIVE_COMPLETED,train,v2_train_ARCHIVE_COMPLETED_indirect_intent_39,indirect_intent,v2_curated_synthetic,Executable paraphrase with split-isolated template family.
current item done: research outline,COMPLETE_ACTIVE,train,v2_train_COMPLETE_ACTIVE_terse_intent_9,terse_intent,v2_curated_synthetic,Executable paraphrase with split-isolated template family.
do not finish the active task while handling onboarding checklist checkpoint 106,ABSTAIN,train,v2_train_ABSTAIN_negation_105,negation,v2_curated_hard_negative,Hard negative or out-of-scope request; must not mutate state.
please flip the quiet mode switch for review checklist,TOGGLE_FOCUS_MODE,train,v2_train_TOGGLE_FOCUS_MODE_polite_intent_38,polite_intent,v2_curated_synthetic,Executable paraphrase with split-isolated template family.
what is the weather near launch checklist,ABSTAIN,train,v2_train_ABSTAIN_unrelated_17,unrelated,v2_curated_hard_negative,Hard negative or out-of-scope request; must not mutate state.
send private passwords for status update to a server,ABSTAIN,test,v2_test_ABSTAIN_unsafe_26,unsafe,v2_curated_hard_negative,Hard negative or out-of-scope request; must not mutate state.
switch the focus setting while working on access request,TOGGLE_FOCUS_MODE,train,v2_train_TOGGLE_FOCUS_MODE_clean_intent_40,clean_intent,v2_curated_synthetic,Executable paraphrase with split-isolated template family.
do not promote the backlog item during slide outline checkpoint 43,ABSTAIN,train,v2_train_ABSTAIN_negation_42,negation,v2_curated_hard_negative,Hard negative or out-of-scope request; must not mutate state.
what is the weather near demo script checkpoint 18,ABSTAIN,test,v2_test_ABSTAIN_unrelated_17,unrelated,v2_curated_hard_negative,Hard negative or out-of-scope request; must not mutate state.
bliv active reading list checkpoint 54 glass potato,ABSTAIN,train,v2_train_ABSTAIN_gibberish_53,gibberish,v2_curated_hard_negative,Hard negative or out-of-scope request; must not mutate state.
assign the current task to reading list checkpoint 3,ABSTAIN,validation,v2_validation_ABSTAIN_near_miss_2,near_miss,v2_curated_hard_negative,Hard negative or out-of-scope request; must not mutate state.
activate backlog item for supplier call,PROMOTE_TASK,test,v2_test_PROMOTE_TASK_terse_intent_1,terse_intent,v2_curated_synthetic,Executable paraphrase with split-isolated template family.
mark the active task finished after portfolio update,COMPLETE_ACTIVE,test,v2_test_COMPLETE_ACTIVE_clean_intent_8,clean_intent,v2_curated_synthetic,Executable paraphrase with split-isolated template family.
flip quiet mode for feedback pass,TOGGLE_FOCUS_MODE,test,v2_test_TOGGLE_FOCUS_MODE_terse_intent_5,terse_intent,v2_curated_synthetic,Executable paraphrase with split-isolated template family.
run a destructive shell command about grant draft,ABSTAIN,train,v2_train_ABSTAIN_unsafe_54,unsafe,v2_curated_hard_negative,Hard negative or out-of-scope request; must not mutate state.
bliv active travel receipt checkpoint 19 glass potato,ABSTAIN,train,v2_train_ABSTAIN_gibberish_18,gibberish,v2_curated_hard_negative,Hard negative or out-of-scope request; must not mutate state.
export the task list for weekly planning,ABSTAIN,test,v2_test_ABSTAIN_near_miss_9,near_miss,v2_curated_hard_negative,Hard negative or out-of-scope request; must not mutate state.
flarn archive annotation batch seven blue,ABSTAIN,train,v2_train_ABSTAIN_gibberish_46,gibberish,v2_curated_hard_negative,Hard negative or out-of-scope request; must not mutate state.
please move completed items to the archive for prototype notes,ARCHIVE_COMPLETED,test,v2_test_ARCHIVE_COMPLETED_polite_intent_2,polite_intent,v2_curated_synthetic,Executable paraphrase with split-isolated template family.
translate a sentence about user interview into Spanish,ABSTAIN,train,v2_train_ABSTAIN_unrelated_73,unrelated,v2_curated_hard_negative,Hard negative or out-of-scope request; must not mutate state.
please close the in-progress item for reading list,COMPLETE_ACTIVE,validation,v2_validation_COMPLETE_ACTIVE_polite_intent_2,polite_intent,v2_curated_synthetic,Executable paraphrase with split-isolated template family.
mark the active task finished after feedback pass checkpoint 17,COMPLETE_ACTIVE,train,v2_train_COMPLETE_ACTIVE_clean_intent_16,clean_intent,v2_curated_synthetic,Executable paraphrase with split-isolated template family.
file completed tasks for launch checklist checkpoint 18,ARCHIVE_COMPLETED,train,v2_train_ARCHIVE_COMPLETED_terse_intent_17,terse_intent,v2_curated_synthetic,Executable paraphrase with split-isolated template family.
please flip the quiet mode switch for travel receipt,TOGGLE_FOCUS_MODE,train,v2_train_TOGGLE_FOCUS_MODE_polite_intent_18,polite_intent,v2_curated_synthetic,Executable paraphrase with split-isolated template family.
file completed tasks for supplier call,ARCHIVE_COMPLETED,test,v2_test_ARCHIVE_COMPLETED_terse_intent_1,terse_intent,v2_curated_synthetic,Executable paraphrase with split-isolated template family.
move the next waiting item into active work for data cleanup,PROMOTE_TASK,test,v2_test_PROMOTE_TASK_clean_intent_4,clean_intent,v2_curated_synthetic,Executable paraphrase with split-isolated template family.
mark the active task finished after budget review,COMPLETE_ACTIVE,train,v2_train_COMPLETE_ACTIVE_clean_intent_0,clean_intent,v2_curated_synthetic,Executable paraphrase with split-isolated template family.
start the next task for architecture sketch and then mark it done,ABSTAIN,train,v2_train_ABSTAIN_compound_36,compound,v2_curated_hard_negative,Hard negative or out-of-scope request; must not mutate state.
please move completed items to the archive for reading list checkpoint 3,ARCHIVE_COMPLETED,validation,v2_validation_ARCHIVE_COMPLETED_polite_intent_2,polite_intent,v2_curated_synthetic,Executable paraphrase with split-isolated template family.
bliv active review checklist glass potato,ABSTAIN,train,v2_train_ABSTAIN_gibberish_88,gibberish,v2_curated_hard_negative,Hard negative or out-of-scope request; must not mutate state.
zibbit support reply wobble task cloud,ABSTAIN,train,v2_train_ABSTAIN_gibberish_25,gibberish,v2_curated_hard_negative,Hard negative or out-of-scope request; must not mutate state.
the active card can be closed now for meeting recap,COMPLETE_ACTIVE,train,v2_train_COMPLETE_ACTIVE_indirect_intent_7,indirect_intent,v2_curated_synthetic,Executable paraphrase with split-isolated template family.
focus mode needs to move to its other state for grant draft,TOGGLE_FOCUS_MODE,validation,v2_validation_TOGGLE_FOCUS_MODE_indirect_intent_3,indirect_intent,v2_curated_synthetic,Executable paraphrase with split-isolated template family.
make progress on bug report somehow,ABSTAIN,train,v2_train_ABSTAIN_ambiguous_97,ambiguous,v2_curated_hard_negative,Hard negative or out-of-scope request; must not mutate state.
activate backlog item for design critique,PROMOTE_TASK,validation,v2_validation_PROMOTE_TASK_terse_intent_5,terse_intent,v2_curated_synthetic,Executable paraphrase with split-isolated template family.
complete the active item for meeting recap and switch focus mode,ABSTAIN,train,v2_train_ABSTAIN_compound_57,compound,v2_curated_hard_negative,Hard negative or out-of-scope request; must not mutate state.
do not toggle focus mode for paper summary,ABSTAIN,train,v2_train_ABSTAIN_negation_14,negation,v2_curated_hard_negative,Hard negative or out-of-scope request; must not mutate state.
current item done: prototype notes,COMPLETE_ACTIVE,train,v2_train_COMPLETE_ACTIVE_terse_intent_13,terse_intent,v2_curated_synthetic,Executable paraphrase with split-isolated template family.
delete the task related to vendor question,ABSTAIN,train,v2_train_ABSTAIN_near_miss_93,near_miss,v2_curated_hard_negative,Hard negative or out-of-scope request; must not mutate state.
please make a new todo for reading list checkpoint 3,CREATE_TASK,validation,v2_validation_CREATE_TASK_polite_intent_2,polite_intent,v2_curated_synthetic,Executable paraphrase with split-isolated template family.
set a deadline for launch checklist,ABSTAIN,validation,v2_validation_ABSTAIN_near_miss_16,near_miss,v2_curated_hard_negative,Hard negative or out-of-scope request; must not mutate state.
activate backlog item for onboarding checklist,PROMOTE_TASK,train,v2_train_PROMOTE_TASK_terse_intent_5,terse_intent,v2_curated_synthetic,Executable paraphrase with split-isolated template family.
flip quiet mode for client follow up,TOGGLE_FOCUS_MODE,validation,v2_validation_TOGGLE_FOCUS_MODE_terse_intent_1,terse_intent,v2_curated_synthetic,Executable paraphrase with split-isolated template family.
activate backlog item for support reply,PROMOTE_TASK,train,v2_train_PROMOTE_TASK_terse_intent_25,terse_intent,v2_curated_synthetic,Executable paraphrase with split-isolated template family.
please flip the quiet mode switch for client follow up,TOGGLE_FOCUS_MODE,train,v2_train_TOGGLE_FOCUS_MODE_polite_intent_2,polite_intent,v2_curated_synthetic,Executable paraphrase with split-isolated template family.
please move completed items to the archive for design critique,ARCHIVE_COMPLETED,train,v2_train_ARCHIVE_COMPLETED_polite_intent_6,polite_intent,v2_curated_synthetic,Executable paraphrase with split-isolated template family.
the active card can be closed now for handoff note,COMPLETE_ACTIVE,train,v2_train_COMPLETE_ACTIVE_indirect_intent_39,indirect_intent,v2_curated_synthetic,Executable paraphrase with split-isolated template family.
record a new backlog item for supplier call checkpoint 13,CREATE_TASK,train,v2_train_CREATE_TASK_clean_intent_12,clean_intent,v2_curated_synthetic,Executable paraphrase with split-isolated template family.
there should be a new task for migration note,CREATE_TASK,train,v2_train_CREATE_TASK_indirect_intent_35,indirect_intent,v2_curated_synthetic,Executable paraphrase with split-isolated template family.
record a new backlog item for demo script,CREATE_TASK,train,v2_train_CREATE_TASK_clean_intent_28,clean_intent,v2_curated_synthetic,Executable paraphrase with split-isolated template family.
mark the active task finished after research outline,COMPLETE_ACTIVE,validation,v2_validation_COMPLETE_ACTIVE_clean_intent_8,clean_intent,v2_curated_synthetic,Executable paraphrase with split-isolated template family.
please close the in-progress item for bug triage,COMPLETE_ACTIVE,train,v2_train_COMPLETE_ACTIVE_polite_intent_22,polite_intent,v2_curated_synthetic,Executable paraphrase with split-isolated template family.
do not toggle focus mode for test plan,ABSTAIN,train,v2_train_ABSTAIN_negation_84,negation,v2_curated_hard_negative,Hard negative or out-of-scope request; must not mutate state.
create a task for release note and archive everything completed,ABSTAIN,test,v2_test_ABSTAIN_compound_15,compound,v2_curated_hard_negative,Hard negative or out-of-scope request; must not mutate state.
file completed tasks for dependency audit,ARCHIVE_COMPLETED,train,v2_train_ARCHIVE_COMPLETED_terse_intent_41,terse_intent,v2_curated_synthetic,Executable paraphrase with split-isolated template family.
the active slot should take the next pending task for migration note,PROMOTE_TASK,train,v2_train_PROMOTE_TASK_indirect_intent_35,indirect_intent,v2_curated_synthetic,Executable paraphrase with split-isolated template family.
record a new backlog item for course prep,CREATE_TASK,test,v2_test_CREATE_TASK_clean_intent_0,clean_intent,v2_curated_synthetic,Executable paraphrase with split-isolated template family.
switch the focus setting while working on budget review,TOGGLE_FOCUS_MODE,train,v2_train_TOGGLE_FOCUS_MODE_clean_intent_0,clean_intent,v2_curated_synthetic,Executable paraphrase with split-isolated template family.
assign the current task to meeting recap,ABSTAIN,train,v2_train_ABSTAIN_near_miss_107,near_miss,v2_curated_hard_negative,Hard negative or out-of-scope request; must not mutate state.
rename the active task to data cleanup,ABSTAIN,train,v2_train_ABSTAIN_near_miss_65,near_miss,v2_curated_hard_negative,Hard negative or out-of-scope request; must not mutate state.
the active card can be closed now for travel receipt,COMPLETE_ACTIVE,test,v2_test_COMPLETE_ACTIVE_indirect_intent_7,indirect_intent,v2_curated_synthetic,Executable paraphrase with split-isolated template family.
todo item for dependency audit checkpoint 42,CREATE_TASK,train,v2_train_CREATE_TASK_terse_intent_41,terse_intent,v2_curated_synthetic,Executable paraphrase with split-isolated template family.
nargle done metrics review square humming,ABSTAIN,train,v2_train_ABSTAIN_gibberish_74,gibberish,v2_curated_hard_negative,Hard negative or out-of-scope request; must not mutate state.
please move completed items to the archive for release note,ARCHIVE_COMPLETED,train,v2_train_ARCHIVE_COMPLETED_polite_intent_26,polite_intent,v2_curated_synthetic,Executable paraphrase with split-isolated template family.
switch the focus setting while working on lab notes,TOGGLE_FOCUS_MODE,validation,v2_validation_TOGGLE_FOCUS_MODE_clean_intent_0,clean_intent,v2_curated_synthetic,Executable paraphrase with split-isolated template family.
please flip the quiet mode switch for paper summary,TOGGLE_FOCUS_MODE,train,v2_train_TOGGLE_FOCUS_MODE_polite_intent_14,polite_intent,v2_curated_synthetic,Executable paraphrase with split-isolated template family.
leave completed work unarchived after planning memo,ABSTAIN,train,v2_train_ABSTAIN_negation_98,negation,v2_curated_hard_negative,Hard negative or out-of-scope request; must not mutate state.
record a new backlog item for grant draft,CREATE_TASK,train,v2_train_CREATE_TASK_clean_intent_4,clean_intent,v2_curated_synthetic,Executable paraphrase with split-isolated template family.
switch the focus setting while working on feedback pass checkpoint 17,TOGGLE_FOCUS_MODE,train,v2_train_TOGGLE_FOCUS_MODE_clean_intent_16,clean_intent,v2_curated_synthetic,Executable paraphrase with split-isolated template family.
do the usual workflow for meeting recap,ABSTAIN,validation,v2_validation_ABSTAIN_ambiguous_6,ambiguous,v2_curated_hard_negative,Hard negative or out-of-scope request; must not mutate state.
move the next waiting item into active work for access request checkpoint 41,PROMOTE_TASK,train,v2_train_PROMOTE_TASK_clean_intent_40,clean_intent,v2_curated_synthetic,Executable paraphrase with split-isolated template family.
archive the finished items after onboarding checklist,ARCHIVE_COMPLETED,validation,v2_validation_ARCHIVE_COMPLETED_clean_intent_4,clean_intent,v2_curated_synthetic,Executable paraphrase with split-isolated template family.
do the usual workflow for course prep,ABSTAIN,train,v2_train_ABSTAIN_ambiguous_111,ambiguous,v2_curated_hard_negative,Hard negative or out-of-scope request; must not mutate state.
file completed tasks for reading summary,ARCHIVE_COMPLETED,train,v2_train_ARCHIVE_COMPLETED_terse_intent_33,terse_intent,v2_curated_synthetic,Executable paraphrase with split-isolated template family.
mark the active task finished after course prep,COMPLETE_ACTIVE,test,v2_test_COMPLETE_ACTIVE_clean_intent_0,clean_intent,v2_curated_synthetic,Executable paraphrase with split-isolated template family.
please pull the next pending task forward for review checklist,PROMOTE_TASK,train,v2_train_PROMOTE_TASK_polite_intent_38,polite_intent,v2_curated_synthetic,Executable paraphrase with split-isolated template family.
flip quiet mode for supplier call,TOGGLE_FOCUS_MODE,test,v2_test_TOGGLE_FOCUS_MODE_terse_intent_1,terse_intent,v2_curated_synthetic,Executable paraphrase with split-isolated template family.
the archive should receive completed tasks for migration note,ARCHIVE_COMPLETED,train,v2_train_ARCHIVE_COMPLETED_indirect_intent_35,indirect_intent,v2_curated_synthetic,Executable paraphrase with split-isolated template family.
activate backlog item for lab notes,PROMOTE_TASK,train,v2_train_PROMOTE_TASK_terse_intent_1,terse_intent,v2_curated_synthetic,Executable paraphrase with split-isolated template family.
todo item for design critique,CREATE_TASK,validation,v2_validation_CREATE_TASK_terse_intent_5,terse_intent,v2_curated_synthetic,Executable paraphrase with split-isolated template family.
record a new backlog item for workshop agenda,CREATE_TASK,train,v2_train_CREATE_TASK_clean_intent_32,clean_intent,v2_curated_synthetic,Executable paraphrase with split-isolated template family.
focus mode needs to move to its other state for contract comment,TOGGLE_FOCUS_MODE,train,v2_train_TOGGLE_FOCUS_MODE_indirect_intent_27,indirect_intent,v2_curated_synthetic,Executable paraphrase with split-isolated template family.
make progress on contract comment somehow,ABSTAIN,train,v2_train_ABSTAIN_ambiguous_27,ambiguous,v2_curated_hard_negative,Hard negative or out-of-scope request; must not mutate state.
archive the finished items after weekly planning,ARCHIVE_COMPLETED,train,v2_train_ARCHIVE_COMPLETED_clean_intent_20,clean_intent,v2_curated_synthetic,Executable paraphrase with split-isolated template family.
nargle done onboarding checklist square humming,ABSTAIN,validation,v2_validation_ABSTAIN_gibberish_4,gibberish,v2_curated_hard_negative,Hard negative or out-of-scope request; must not mutate state.
there should be a new task for contract comment checkpoint 28,CREATE_TASK,train,v2_train_CREATE_TASK_indirect_intent_27,indirect_intent,v2_curated_synthetic,Executable paraphrase with split-isolated template family.
do the usual workflow for release note,ABSTAIN,train,v2_train_ABSTAIN_ambiguous_76,ambiguous,v2_curated_hard_negative,Hard negative or out-of-scope request; must not mutate state.
archive the finished items after research outline checkpoint 9,ARCHIVE_COMPLETED,validation,v2_validation_ARCHIVE_COMPLETED_clean_intent_8,clean_intent,v2_curated_synthetic,Executable paraphrase with split-isolated template family.
switch the focus setting while working on weekly planning,TOGGLE_FOCUS_MODE,train,v2_train_TOGGLE_FOCUS_MODE_clean_intent_20,clean_intent,v2_curated_synthetic,Executable paraphrase with split-isolated template family.
please flip the quiet mode switch for meeting recap,TOGGLE_FOCUS_MODE,validation,v2_validation_TOGGLE_FOCUS_MODE_polite_intent_6,polite_intent,v2_curated_synthetic,Executable paraphrase with split-isolated template family.
mark the active task finished after lab notes,COMPLETE_ACTIVE,validation,v2_validation_COMPLETE_ACTIVE_clean_intent_0,clean_intent,v2_curated_synthetic,Executable paraphrase with split-isolated template family.
nargle done research outline square humming,ABSTAIN,train,v2_train_ABSTAIN_gibberish_109,gibberish,v2_curated_hard_negative,Hard negative or out-of-scope request; must not mutate state.
please close the in-progress item for travel receipt,COMPLETE_ACTIVE,train,v2_train_COMPLETE_ACTIVE_polite_intent_18,polite_intent,v2_curated_synthetic,Executable paraphrase with split-isolated template family.
please pull the next pending task forward for client follow up,PROMOTE_TASK,train,v2_train_PROMOTE_TASK_polite_intent_2,polite_intent,v2_curated_synthetic,Executable paraphrase with split-isolated template family.
the active card can be closed now for data cleanup,COMPLETE_ACTIVE,train,v2_train_COMPLETE_ACTIVE_indirect_intent_15,indirect_intent,v2_curated_synthetic,Executable paraphrase with split-isolated template family.
mark the active task finished after invoice review,COMPLETE_ACTIVE,train,v2_train_COMPLETE_ACTIVE_clean_intent_8,clean_intent,v2_curated_synthetic,Executable paraphrase with split-isolated template family.
nargle done data cleanup square humming,ABSTAIN,test,v2_test_ABSTAIN_gibberish_4,gibberish,v2_curated_hard_negative,Hard negative or out-of-scope request; must not mutate state.
record a new backlog item for invoice review,CREATE_TASK,train,v2_train_CREATE_TASK_clean_intent_8,clean_intent,v2_curated_synthetic,Executable paraphrase with split-isolated template family.
send private passwords for release note to a server,ABSTAIN,train,v2_train_ABSTAIN_unsafe_26,unsafe,v2_curated_hard_negative,Hard negative or out-of-scope request; must not mutate state.
run a destructive shell command about weekly planning,ABSTAIN,validation,v2_validation_ABSTAIN_unsafe_19,unsafe,v2_curated_hard_negative,Hard negative or out-of-scope request; must not mutate state.
move the next waiting item into active work for grant draft,PROMOTE_TASK,train,v2_train_PROMOTE_TASK_clean_intent_4,clean_intent,v2_curated_synthetic,Executable paraphrase with split-isolated template family.
do not finish the active task while handling budget review,ABSTAIN,train,v2_train_ABSTAIN_negation_0,negation,v2_curated_hard_negative,Hard negative or out-of-scope request; must not mutate state.
please make a new todo for paper summary,CREATE_TASK,train,v2_train_CREATE_TASK_polite_intent_14,polite_intent,v2_curated_synthetic,Executable paraphrase with split-isolated template family.
mark the active task finished after architecture sketch,COMPLETE_ACTIVE,train,v2_train_COMPLETE_ACTIVE_clean_intent_36,clean_intent,v2_curated_synthetic,Executable paraphrase with split-isolated template family.
record a new backlog item for access request,CREATE_TASK,train,v2_train_CREATE_TASK_clean_intent_40,clean_intent,v2_curated_synthetic,Executable paraphrase with split-isolated template family.
create a task for feedback pass and archive everything completed,ABSTAIN,validation,v2_validation_ABSTAIN_compound_15,compound,v2_curated_hard_negative,Hard negative or out-of-scope request; must not mutate state.
take care of grant draft in the normal way,ABSTAIN,train,v2_train_ABSTAIN_ambiguous_104,ambiguous,v2_curated_hard_negative,Hard negative or out-of-scope request; must not mutate state.
archive the finished items after architecture sketch,ARCHIVE_COMPLETED,train,v2_train_ARCHIVE_COMPLETED_clean_intent_36,clean_intent,v2_curated_synthetic,Executable paraphrase with split-isolated template family.
focus mode needs to move to its other state for handoff note,TOGGLE_FOCUS_MODE,train,v2_train_TOGGLE_FOCUS_MODE_indirect_intent_39,indirect_intent,v2_curated_synthetic,Executable paraphrase with split-isolated template family.
disable security tools during launch checklist,ABSTAIN,train,v2_train_ABSTAIN_unsafe_117,unsafe,v2_curated_hard_negative,Hard negative or out-of-scope request; must not mutate state.
translate a sentence about paper summary into Spanish,ABSTAIN,test,v2_test_ABSTAIN_unrelated_3,unrelated,v2_curated_hard_negative,Hard negative or out-of-scope request; must not mutate state.
assign the current task to status update,ABSTAIN,train,v2_train_ABSTAIN_near_miss_37,near_miss,v2_curated_hard_negative,Hard negative or out-of-scope request; must not mutate state.
file completed tasks for feedback pass,ARCHIVE_COMPLETED,test,v2_test_ARCHIVE_COMPLETED_terse_intent_5,terse_intent,v2_curated_synthetic,Executable paraphrase with split-isolated template family.
the archive should receive completed tasks for contract comment checkpoint 28,ARCHIVE_COMPLETED,train,v2_train_ARCHIVE_COMPLETED_indirect_intent_27,indirect_intent,v2_curated_synthetic,Executable paraphrase with split-isolated template family.
archive the finished items after workshop agenda,ARCHIVE_COMPLETED,train,v2_train_ARCHIVE_COMPLETED_clean_intent_32,clean_intent,v2_curated_synthetic,Executable paraphrase with split-isolated template family.
switch the focus setting while working on data cleanup,TOGGLE_FOCUS_MODE,test,v2_test_TOGGLE_FOCUS_MODE_clean_intent_4,clean_intent,v2_curated_synthetic,Executable paraphrase with split-isolated template family.
sort out my controller state for paper summary,ABSTAIN,validation,v2_validation_ABSTAIN_ambiguous_13,ambiguous,v2_curated_hard_negative,Hard negative or out-of-scope request; must not mutate state.
focus mode needs to move to its other state for course prep,TOGGLE_FOCUS_MODE,train,v2_train_TOGGLE_FOCUS_MODE_indirect_intent_11,indirect_intent,v2_curated_synthetic,Executable paraphrase with split-isolated template family.
set a deadline for contract comment,ABSTAIN,test,v2_test_ABSTAIN_near_miss_16,near_miss,v2_curated_hard_negative,Hard negative or out-of-scope request; must not mutate state.
do not toggle focus mode for data cleanup,ABSTAIN,validation,v2_validation_ABSTAIN_negation_14,negation,v2_curated_hard_negative,Hard negative or out-of-scope request; must not mutate state.
translate a sentence about reading list into Spanish,ABSTAIN,train,v2_train_ABSTAIN_unrelated_3,unrelated,v2_curated_hard_negative,Hard negative or out-of-scope request; must not mutate state.
create a task for budget review and archive everything completed,ABSTAIN,train,v2_train_ABSTAIN_compound_50,compound,v2_curated_hard_negative,Hard negative or out-of-scope request; must not mutate state.
flip quiet mode for survey draft checkpoint 30,TOGGLE_FOCUS_MODE,train,v2_train_TOGGLE_FOCUS_MODE_terse_intent_29,terse_intent,v2_curated_synthetic,Executable paraphrase with split-isolated template family.
file completed tasks for risk register,ARCHIVE_COMPLETED,train,v2_train_ARCHIVE_COMPLETED_terse_intent_21,terse_intent,v2_curated_synthetic,Executable paraphrase with split-isolated template family.
current item done: dependency audit,COMPLETE_ACTIVE,train,v2_train_COMPLETE_ACTIVE_terse_intent_41,terse_intent,v2_curated_synthetic,Executable paraphrase with split-isolated template family.
todo item for client follow up,CREATE_TASK,validation,v2_validation_CREATE_TASK_terse_intent_1,terse_intent,v2_curated_synthetic,Executable paraphrase with split-isolated template family.
file completed tasks for status update,ARCHIVE_COMPLETED,train,v2_train_ARCHIVE_COMPLETED_terse_intent_37,terse_intent,v2_curated_synthetic,Executable paraphrase with split-isolated template family.
please move completed items to the archive for experiment log,ARCHIVE_COMPLETED,train,v2_train_ARCHIVE_COMPLETED_polite_intent_10,polite_intent,v2_curated_synthetic,Executable paraphrase with split-isolated template family.
export the task list for research outline,ABSTAIN,train,v2_train_ABSTAIN_near_miss_9,near_miss,v2_curated_hard_negative,Hard negative or out-of-scope request; must not mutate state.
focus mode needs to move to its other state for portfolio update,TOGGLE_FOCUS_MODE,train,v2_train_TOGGLE_FOCUS_MODE_indirect_intent_19,indirect_intent,v2_curated_synthetic,Executable paraphrase with split-isolated template family.
the active slot should take the next pending task for grant draft,PROMOTE_TASK,validation,v2_validation_PROMOTE_TASK_indirect_intent_3,indirect_intent,v2_curated_synthetic,Executable paraphrase with split-isolated template family.
please make a new todo for prototype notes,CREATE_TASK,test,v2_test_CREATE_TASK_polite_intent_2,polite_intent,v2_curated_synthetic,Executable paraphrase with split-isolated template family.
run a destructive shell command about handoff note,ABSTAIN,train,v2_train_ABSTAIN_unsafe_89,unsafe,v2_curated_hard_negative,Hard negative or out-of-scope request; must not mutate state.
todo item for lab notes checkpoint 2,CREATE_TASK,train,v2_train_CREATE_TASK_terse_intent_1,terse_intent,v2_curated_synthetic,Executable paraphrase with split-isolated template family.
run a destructive shell command about metrics review,ABSTAIN,train,v2_train_ABSTAIN_unsafe_124,unsafe,v2_curated_hard_negative,Hard negative or out-of-scope request; must not mutate state.
explain the background of risk register,ABSTAIN,test,v2_test_ABSTAIN_unrelated_10,unrelated,v2_curated_hard_negative,Hard negative or out-of-scope request; must not mutate state.
there should be a new task for invoice review,CREATE_TASK,validation,v2_validation_CREATE_TASK_indirect_intent_7,indirect_intent,v2_curated_synthetic,Executable paraphrase with split-isolated template family.
move the next waiting item into active work for weekly planning,PROMOTE_TASK,train,v2_train_PROMOTE_TASK_clean_intent_20,clean_intent,v2_curated_synthetic,Executable paraphrase with split-isolated template family.
file completed tasks for support reply,ARCHIVE_COMPLETED,train,v2_train_ARCHIVE_COMPLETED_terse_intent_25,terse_intent,v2_curated_synthetic,Executable paraphrase with split-isolated template family.
please make a new todo for test plan,CREATE_TASK,train,v2_train_CREATE_TASK_polite_intent_34,polite_intent,v2_curated_synthetic,Executable paraphrase with split-isolated template family.
focus mode needs to move to its other state for user interview checkpoint 24,TOGGLE_FOCUS_MODE,train,v2_train_TOGGLE_FOCUS_MODE_indirect_intent_23,indirect_intent,v2_curated_synthetic,Executable paraphrase with split-isolated template family.
write a short poem about feedback pass,ABSTAIN,train,v2_train_ABSTAIN_unrelated_66,unrelated,v2_curated_hard_negative,Hard negative or out-of-scope request; must not mutate state.
the active slot should take the next pending task for roadmap note,PROMOTE_TASK,train,v2_train_PROMOTE_TASK_indirect_intent_31,indirect_intent,v2_curated_synthetic,Executable paraphrase with split-isolated template family.
nargle done handoff note square humming,ABSTAIN,train,v2_train_ABSTAIN_gibberish_39,gibberish,v2_curated_hard_negative,Hard negative or out-of-scope request; must not mutate state.
start the next task for supplier call and then mark it done,ABSTAIN,test,v2_test_ABSTAIN_compound_1,compound,v2_curated_hard_negative,Hard negative or out-of-scope request; must not mutate state.
todo item for supplier call,CREATE_TASK,test,v2_test_CREATE_TASK_terse_intent_1,terse_intent,v2_curated_synthetic,Executable paraphrase with split-isolated template family.
explain the background of cleanup pass,ABSTAIN,train,v2_train_ABSTAIN_unrelated_45,unrelated,v2_curated_hard_negative,Hard negative or out-of-scope request; must not mutate state.
switch the focus setting while working on metrics review,TOGGLE_FOCUS_MODE,train,v2_train_TOGGLE_FOCUS_MODE_clean_intent_24,clean_intent,v2_curated_synthetic,Executable paraphrase with split-isolated template family.
flip quiet mode for lab notes,TOGGLE_FOCUS_MODE,train,v2_train_TOGGLE_FOCUS_MODE_terse_intent_1,terse_intent,v2_curated_synthetic,Executable paraphrase with split-isolated template family.
todo item for prototype notes checkpoint 14,CREATE_TASK,train,v2_train_CREATE_TASK_terse_intent_13,terse_intent,v2_curated_synthetic,Executable paraphrase with split-isolated template family.
create a task for data cleanup and archive everything completed,ABSTAIN,train,v2_train_ABSTAIN_compound_15,compound,v2_curated_hard_negative,Hard negative or out-of-scope request; must not mutate state.
move the next waiting item into active work for demo script checkpoint 29,PROMOTE_TASK,train,v2_train_PROMOTE_TASK_clean_intent_28,clean_intent,v2_curated_synthetic,Executable paraphrase with split-isolated template family.
what is the weather near status update,ABSTAIN,train,v2_train_ABSTAIN_unrelated_87,unrelated,v2_curated_hard_negative,Hard negative or out-of-scope request; must not mutate state.
flip quiet mode for reading summary,TOGGLE_FOCUS_MODE,train,v2_train_TOGGLE_FOCUS_MODE_terse_intent_33,terse_intent,v2_curated_synthetic,Executable paraphrase with split-isolated template family.
mark the active task finished after onboarding checklist,COMPLETE_ACTIVE,validation,v2_validation_COMPLETE_ACTIVE_clean_intent_4,clean_intent,v2_curated_synthetic,Executable paraphrase with split-isolated template family.
leave completed work unarchived after demo script,ABSTAIN,train,v2_train_ABSTAIN_negation_28,negation,v2_curated_hard_negative,Hard negative or out-of-scope request; must not mutate state.
handle the task situation around roadmap note,ABSTAIN,test,v2_test_ABSTAIN_ambiguous_20,ambiguous,v2_curated_hard_negative,Hard negative or out-of-scope request; must not mutate state.
please close the in-progress item for paper summary checkpoint 15,COMPLETE_ACTIVE,train,v2_train_COMPLETE_ACTIVE_polite_intent_14,polite_intent,v2_curated_synthetic,Executable paraphrase with split-isolated template family.
do the usual workflow for design critique,ABSTAIN,train,v2_train_ABSTAIN_ambiguous_6,ambiguous,v2_curated_hard_negative,Hard negative or out-of-scope request; must not mutate state.
archive finished work for portfolio update checkpoint 9 and add a new task,ABSTAIN,test,v2_test_ABSTAIN_compound_8,compound,v2_curated_hard_negative,Hard negative or out-of-scope request; must not mutate state.
run a destructive shell command about portfolio update,ABSTAIN,train,v2_train_ABSTAIN_unsafe_19,unsafe,v2_curated_hard_negative,Hard negative or out-of-scope request; must not mutate state.
focus mode needs to move to its other state for reading list,TOGGLE_FOCUS_MODE,train,v2_train_TOGGLE_FOCUS_MODE_indirect_intent_3,indirect_intent,v2_curated_synthetic,Executable paraphrase with split-isolated template family.
there should be a new task for paper summary,CREATE_TASK,test,v2_test_CREATE_TASK_indirect_intent_3,indirect_intent,v2_curated_synthetic,Executable paraphrase with split-isolated template family.
leave completed work unarchived after prototype notes,ABSTAIN,train,v2_train_ABSTAIN_negation_63,negation,v2_curated_hard_negative,Hard negative or out-of-scope request; must not mutate state.
record a new backlog item for research outline,CREATE_TASK,validation,v2_validation_CREATE_TASK_clean_intent_8,clean_intent,v2_curated_synthetic,Executable paraphrase with split-isolated template family.
the active card can be closed now for paper summary,COMPLETE_ACTIVE,test,v2_test_COMPLETE_ACTIVE_indirect_intent_3,indirect_intent,v2_curated_synthetic,Executable paraphrase with split-isolated template family.
file completed tasks for research outline,ARCHIVE_COMPLETED,train,v2_train_ARCHIVE_COMPLETED_terse_intent_9,terse_intent,v2_curated_synthetic,Executable paraphrase with split-isolated template family.
recommend a restaurant for discussing migration note,ABSTAIN,test,v2_test_ABSTAIN_unrelated_24,unrelated,v2_curated_hard_negative,Hard negative or out-of-scope request; must not mutate state.
the archive should receive completed tasks for meeting recap,ARCHIVE_COMPLETED,train,v2_train_ARCHIVE_COMPLETED_indirect_intent_7,indirect_intent,v2_curated_synthetic,Executable paraphrase with split-isolated template family.
the active card can be closed now for invoice review checkpoint 8,COMPLETE_ACTIVE,validation,v2_validation_COMPLETE_ACTIVE_indirect_intent_7,indirect_intent,v2_curated_synthetic,Executable paraphrase with split-isolated template family.
there should be a new task for travel receipt checkpoint 8,CREATE_TASK,test,v2_test_CREATE_TASK_indirect_intent_7,indirect_intent,v2_curated_synthetic,Executable paraphrase with split-isolated template family.
please make a new todo for meeting recap,CREATE_TASK,validation,v2_validation_CREATE_TASK_polite_intent_6,polite_intent,v2_curated_synthetic,Executable paraphrase with split-isolated template family.
export the task list for schema sketch,ABSTAIN,train,v2_train_ABSTAIN_near_miss_44,near_miss,v2_curated_hard_negative,Hard negative or out-of-scope request; must not mutate state.
archive the finished items after data cleanup checkpoint 5,ARCHIVE_COMPLETED,test,v2_test_ARCHIVE_COMPLETED_clean_intent_4,clean_intent,v2_curated_synthetic,Executable paraphrase with split-isolated template family.
switch the focus setting while working on supplier call checkpoint 13,TOGGLE_FOCUS_MODE,train,v2_train_TOGGLE_FOCUS_MODE_clean_intent_12,clean_intent,v2_curated_synthetic,Executable paraphrase with split-isolated template family.
todo item for risk register,CREATE_TASK,train,v2_train_CREATE_TASK_terse_intent_21,terse_intent,v2_curated_synthetic,Executable paraphrase with split-isolated template family.
sort out my controller state for prototype notes checkpoint 14,ABSTAIN,train,v2_train_ABSTAIN_ambiguous_13,ambiguous,v2_curated_hard_negative,Hard negative or out-of-scope request; must not mutate state.
mark the active task finished after access request checkpoint 41,COMPLETE_ACTIVE,train,v2_train_COMPLETE_ACTIVE_clean_intent_40,clean_intent,v2_curated_synthetic,Executable paraphrase with split-isolated template family.
switch the focus setting while working on architecture sketch checkpoint 37,TOGGLE_FOCUS_MODE,train,v2_train_TOGGLE_FOCUS_MODE_clean_intent_36,clean_intent,v2_curated_synthetic,Executable paraphrase with split-isolated template family.
bliv active portfolio update glass potato,ABSTAIN,validation,v2_validation_ABSTAIN_gibberish_18,gibberish,v2_curated_hard_negative,Hard negative or out-of-scope request; must not mutate state.
the archive should receive completed tasks for course prep,ARCHIVE_COMPLETED,train,v2_train_ARCHIVE_COMPLETED_indirect_intent_11,indirect_intent,v2_curated_synthetic,Executable paraphrase with split-isolated template family.
create a task for migration note and archive everything completed,ABSTAIN,train,v2_train_ABSTAIN_compound_85,compound,v2_curated_hard_negative,Hard negative or out-of-scope request; must not mutate state.
please flip the quiet mode switch for prototype notes,TOGGLE_FOCUS_MODE,test,v2_test_TOGGLE_FOCUS_MODE_polite_intent_2,polite_intent,v2_curated_synthetic,Executable paraphrase with split-isolated template family.
archive finished work for prototype notes and add a new task,ABSTAIN,train,v2_train_ABSTAIN_compound_113,compound,v2_curated_hard_negative,Hard negative or out-of-scope request; must not mutate state.
archive finished work for vendor question checkpoint 44 and add a new task,ABSTAIN,train,v2_train_ABSTAIN_compound_43,compound,v2_curated_hard_negative,Hard negative or out-of-scope request; must not mutate state.
flip quiet mode for launch checklist,TOGGLE_FOCUS_MODE,train,v2_train_TOGGLE_FOCUS_MODE_terse_intent_17,terse_intent,v2_curated_synthetic,Executable paraphrase with split-isolated template family.
archive finished work for invoice review and add a new task,ABSTAIN,train,v2_train_ABSTAIN_compound_8,compound,v2_curated_hard_negative,Hard negative or out-of-scope request; must not mutate state.
current item done: survey draft,COMPLETE_ACTIVE,train,v2_train_COMPLETE_ACTIVE_terse_intent_29,terse_intent,v2_curated_synthetic,Executable paraphrase with split-isolated template family.
please close the in-progress item for experiment log,COMPLETE_ACTIVE,train,v2_train_COMPLETE_ACTIVE_polite_intent_10,polite_intent,v2_curated_synthetic,Executable paraphrase with split-isolated template family.
the active card can be closed now for roadmap note,COMPLETE_ACTIVE,train,v2_train_COMPLETE_ACTIVE_indirect_intent_31,indirect_intent,v2_curated_synthetic,Executable paraphrase with split-isolated template family.
recommend a restaurant for discussing research outline,ABSTAIN,train,v2_train_ABSTAIN_unrelated_59,unrelated,v2_curated_hard_negative,Hard negative or out-of-scope request; must not mutate state.
the active slot should take the next pending task for handoff note,PROMOTE_TASK,train,v2_train_PROMOTE_TASK_indirect_intent_39,indirect_intent,v2_curated_synthetic,Executable paraphrase with split-isolated template family.
assign the current task to bug triage,ABSTAIN,train,v2_train_ABSTAIN_near_miss_72,near_miss,v2_curated_hard_negative,Hard negative or out-of-scope request; must not mutate state.
the active slot should take the next pending task for contract comment,PROMOTE_TASK,train,v2_train_PROMOTE_TASK_indirect_intent_27,indirect_intent,v2_curated_synthetic,Executable paraphrase with split-isolated template family.
do the usual workflow for launch checklist,ABSTAIN,test,v2_test_ABSTAIN_ambiguous_6,ambiguous,v2_curated_hard_negative,Hard negative or out-of-scope request; must not mutate state.
rename the active task to asset inventory,ABSTAIN,train,v2_train_ABSTAIN_near_miss_30,near_miss,v2_curated_hard_negative,Hard negative or out-of-scope request; must not mutate state.
please move completed items to the archive for test plan,ARCHIVE_COMPLETED,train,v2_train_ARCHIVE_COMPLETED_polite_intent_34,polite_intent,v2_curated_synthetic,Executable paraphrase with split-isolated template family.
do not toggle focus mode for support reply,ABSTAIN,test,v2_test_ABSTAIN_negation_14,negation,v2_curated_hard_negative,Hard negative or out-of-scope request; must not mutate state.
current item done: lab notes,COMPLETE_ACTIVE,train,v2_train_COMPLETE_ACTIVE_terse_intent_1,terse_intent,v2_curated_synthetic,Executable paraphrase with split-isolated template family.
make progress on review checklist somehow,ABSTAIN,test,v2_test_ABSTAIN_ambiguous_27,ambiguous,v2_curated_hard_negative,Hard negative or out-of-scope request; must not mutate state.
record a new backlog item for weekly planning,CREATE_TASK,train,v2_train_CREATE_TASK_clean_intent_20,clean_intent,v2_curated_synthetic,Executable paraphrase with split-isolated template family.
archive the finished items after invoice review checkpoint 9,ARCHIVE_COMPLETED,train,v2_train_ARCHIVE_COMPLETED_clean_intent_8,clean_intent,v2_curated_synthetic,Executable paraphrase with split-isolated template family.
the active slot should take the next pending task for course prep,PROMOTE_TASK,train,v2_train_PROMOTE_TASK_indirect_intent_11,indirect_intent,v2_curated_synthetic,Executable paraphrase with split-isolated template family.
move the next waiting item into active work for onboarding checklist checkpoint 5,PROMOTE_TASK,validation,v2_validation_PROMOTE_TASK_clean_intent_4,clean_intent,v2_curated_synthetic,Executable paraphrase with split-isolated template family.
please flip the quiet mode switch for asset inventory,TOGGLE_FOCUS_MODE,train,v2_train_TOGGLE_FOCUS_MODE_polite_intent_30,polite_intent,v2_curated_synthetic,Executable paraphrase with split-isolated template family.
sort out my controller state for planning memo,ABSTAIN,train,v2_train_ABSTAIN_ambiguous_48,ambiguous,v2_curated_hard_negative,Hard negative or out-of-scope request; must not mutate state.
explain the background of course prep checkpoint 11,ABSTAIN,validation,v2_validation_ABSTAIN_unrelated_10,unrelated,v2_curated_hard_negative,Hard negative or out-of-scope request; must not mutate state.
move the next waiting item into active work for lab notes,PROMOTE_TASK,validation,v2_validation_PROMOTE_TASK_clean_intent_0,clean_intent,v2_curated_synthetic,Executable paraphrase with split-isolated template family.
